historyid,userid,destinationid,visitdate,experiencerating,name_user,email,preferences,gender,numberofadults,numberofchildren,name_dest,state,type,popularity,besttimetovisit,reviewid,rating,reviewtext
,,1.0,,,,,,,,,Murchison Falls,Masindi,Historical,8.691906258695031,Nov-Feb,,,
653.0,348.0,2.0,2024-02-15,4.0,Anika,anika@example.com,"City, Historical",Female,1.0,0.0,Zanzibar Beaches,Zanzibar,Beach,8.605031858363876,Nov-Mar,,,
485.0,693.0,3.0,2024-02-15,2.0,Aditya,aditya@example.com,"City, Historical",Male,2.0,0.0,Kampala City,Kampala,City,9.225372007612826,Oct-Mar,,,
548.0,490.0,4.0,2024-02-15,1.0,Isha,isha@example.com,"Beaches, Historical",Female,2.0,1.0,Lake Bunyonyi,Kabale,Nature,7.9773855361057935,Sep-Mar,,,
878.0,518.0,4.0,2024-02-15,3.0,Tanvi,tanvi@example.com,"Nature, Adventure",Female,2.0,2.0,Lake Bunyonyi,Kabale,Nature,7.9773855361057935,Sep-Mar,,,
886.0,599.0,5.0,2024-01-01,5.0,Kavya,kavya@example.com,"Nature, Adventure",Female,1.0,0.0,Mount Rwenzori,Jammu and Kashmir,Adventure,8.399821878316247,Apr-Jun,,,
233.0,335.0,6.0,2024-02-15,2.0,Saanvi,saanvi@example.com,"Nature, Adventure",Female,2.0,2.0,Murchison Falls,Masindi,Historical,7.6489495441529245,Nov-Feb,,,
366.0,182.0,7.0,2024-03-20,5.0,Ritvik,ritvik@example.com,"Nature, Adventure",Male,1.0,1.0,Zanzibar Beaches,Zanzibar,Beach,9.14506834197403,Nov-Mar,,,
961.0,260.0,7.0,2024-01-01,1.0,Isha,isha@example.com,"Nature, Adventure",Female,1.0,0.0,Zanzibar Beaches,Zanzibar,Beach,9.14506834197403,Nov-Mar,,,
706.0,507.0,7.0,2024-01-01,2.0,Saanvi,saanvi@example.com,"City, Historical",Female,2.0,2.0,Zanzibar Beaches,Zanzibar,Beach,9.14506834197403,Nov-Mar,,,
598.0,699.0,7.0,2024-01-01,2.0,Aditya,aditya@example.com,"City, Historical",Male,2.0,2.0,Zanzibar Beaches,Zanzibar,Beach,9.14506834197403,Nov-Mar,,,
280.0,735.0,7.0,2024-01-01,3.0,Riya,riya@example.com,"City, Historical",Female,1.0,0.0,Zanzibar Beaches,Zanzibar,Beach,9.14506834197403,Nov-Mar,,,
322.0,876.0,8.0,2024-01-01,5.0,Ritvik,ritvik@example.com,"City, Historical",Male,2.0,2.0,Kampala City,Kampala,City,9.4587045393854,Oct-Mar,,,
669.0,888.0,8.0,2024-03-20,3.0,Riya,riya@example.com,"City, Historical",Female,2.0,0.0,Kampala City,Kampala,City,9.4587045393854,Oct-Mar,,,
629.0,272.0,9.0,2024-02-15,2.0,Arjun,arjun@example.com,"Nature, Adventure",Male,2.0,0.0,Lake Bunyonyi,Kabale,Nature,9.260450137338132,Sep-Mar,,,
109.0,899.0,9.0,2024-01-01,1.0,Anika,anika@example.com,"Nature, Adventure",Female,1.0,1.0,Lake Bunyonyi,Kabale,Nature,9.260450137338132,Sep-Mar,,,
44.0,463.0,10.0,2024-02-15,5.0,Karan,karan@example.com,"Beaches, Historical",Male,1.0,2.0,Mount Rwenzori,Jammu and Kashmir,Adventure,8.811952081678728,Apr-Jun,,,
473.0,999.0,11.0,2024-02-15,3.0,Hitesh,hitesh@example.com,"City, Historical",Male,2.0,2.0,Murchison Falls,Masindi,Historical,8.17770928252728,Nov-Feb,,,
,,12.0,,,,,,,,,Zanzibar Beaches,Zanzibar,Beach,8.084317505906522,Nov-Mar,,,
,,13.0,,,,,,,,,Kampala City,Kampala,City,9.114721643188815,Oct-Mar,,,
370.0,87.0,14.0,2024-01-01,4.0,Ishaan,ishaan@example.com,"City, Historical",Male,2.0,2.0,Lake Bunyonyi,Kabale,Nature,8.551426230833268,Sep-Mar,,,
526.0,773.0,14.0,2024-01-01,3.0,Arjun,arjun@example.com,"Nature, Adventure",Male,1.0,0.0,Lake Bunyonyi,Kabale,Nature,8.551426230833268,Sep-Mar,,,
,,15.0,,,,,,,,,Mount Rwenzori,Jammu and Kashmir,Adventure,9.297389086740504,Apr-Jun,,,
853.0,903.0,16.0,2024-01-01,5.0,Hitesh,hitesh@example.com,"City, Historical",Male,2.0,1.0,Murchison Falls,Masindi,Historical,8.337332881983857,Nov-Feb,,,
821.0,177.0,17.0,2024-02-15,2.0,Karan,karan@example.com,"City, Historical",Male,2.0,1.0,Zanzibar Beaches,Zanzibar,Beach,7.524150401549511,Nov-Mar,,,
,,18.0,,,,,,,,,Kampala City,Kampala,City,8.332572923728481,Oct-Mar,,,
494.0,511.0,19.0,2024-02-15,2.0,Karan,karan@example.com,"Beaches, Historical",Male,2.0,1.0,Lake Bunyonyi,Kabale,Nature,9.01709023649701,Sep-Mar,,,
764.0,939.0,19.0,2024-02-15,3.0,Anika,anika@example.com,"City, Historical",Female,2.0,0.0,Lake Bunyonyi,Kabale,Nature,9.01709023649701,Sep-Mar,,,
700.0,526.0,20.0,2024-01-01,3.0,Ishaan,ishaan@example.com,"Beaches, Historical",Male,1.0,0.0,Mount Rwenzori,Jammu and Kashmir,Adventure,8.930902395039807,Apr-Jun,,,
994.0,589.0,20.0,2024-01-01,1.0,Arjun,arjun@example.com,"Beaches, Historical",Male,2.0,2.0,Mount Rwenzori,Jammu and Kashmir,Adventure,8.930902395039807,Apr-Jun,,,
611.0,855.0,20.0,2024-02-15,1.0,Pooja,pooja@example.com,"City, Historical",Female,1.0,1.0,Mount Rwenzori,Jammu and Kashmir,Adventure,8.930902395039807,Apr-Jun,,,
124.0,50.0,21.0,2024-01-01,2.0,Pooja,pooja@example.com,"Nature, Adventure",Female,2.0,0.0,Murchison Falls,Masindi,Historical,9.321865627407217,Nov-Feb,,,
913.0,672.0,21.0,2024-01-01,3.0,Riya,riya@example.com,"City, Historical",Female,2.0,0.0,Murchison Falls,Masindi,Historical,9.321865627407217,Nov-Feb,,,
836.0,898.0,21.0,2024-02-15,3.0,Pooja,pooja@example.com,"Beaches, Historical",Female,2.0,0.0,Murchison Falls,Masindi,Historical,9.321865627407217,Nov-Feb,,,
120.0,316.0,22.0,2024-03-20,5.0,Meera,meera@example.com,"Beaches, Historical",Female,2.0,0.0,Zanzibar Beaches,Zanzibar,Beach,7.745073501266791,Nov-Mar,,,
591.0,688.0,22.0,2024-03-20,3.0,Kavya,kavya@example.com,"Beaches, Historical",Female,2.0,1.0,Zanzibar Beaches,Zanzibar,Beach,7.745073501266791,Nov-Mar,,,
,,23.0,,,,,,,,,Kampala City,Kampala,City,7.883349652185746,Oct-Mar,,,
820.0,278.0,24.0,2024-01-01,2.0,Ishaan,ishaan@example.com,"Nature, Adventure",Male,1.0,2.0,Lake Bunyonyi,Kabale,Nature,9.182423104129008,Sep-Mar,,,
967.0,474.0,24.0,2024-01-01,5.0,Ritvik,ritvik@example.com,"City, Historical",Male,2.0,2.0,Lake Bunyonyi,Kabale,Nature,9.182423104129008,Sep-Mar,,,
723.0,637.0,24.0,2024-03-20,1.0,Ishaan,ishaan@example.com,"Beaches, Historical",Male,1.0,0.0,Lake Bunyonyi,Kabale,Nature,9.182423104129008,Sep-Mar,,,
163.0,299.0,25.0,2024-01-01,2.0,Isha,isha@example.com,"Nature, Adventure",Female,2.0,1.0,Mount Rwenzori,Jammu and Kashmir,Adventure,9.416526131108329,Apr-Jun,,,
,,26.0,,,,,,,,,Murchison Falls,Masindi,Historical,9.088205553232354,Nov-Feb,,,
121.0,239.0,27.0,2024-01-01,4.0,Aarav,aarav@example.com,"Nature, Adventure",Male,2.0,0.0,Zanzibar Beaches,Zanzibar,Beach,7.504499933755479,Nov-Mar,,,
,,28.0,,,,,,,,,Kampala City,Kampala,City,8.471855314612888,Oct-Mar,,,
986.0,76.0,29.0,2024-02-15,5.0,Anika,anika@example.com,"Beaches, Historical",Female,2.0,0.0,Lake Bunyonyi,Kabale,Nature,8.320514389999829,Sep-Mar,,,
354.0,725.0,29.0,2024-03-20,1.0,Karan,karan@example.com,"Nature, Adventure",Male,1.0,1.0,Lake Bunyonyi,Kabale,Nature,8.320514389999829,Sep-Mar,,,
999.0,538.0,30.0,2024-03-20,5.0,Anika,anika@example.com,"Beaches, Historical",Female,2.0,1.0,Mount Rwenzori,Jammu and Kashmir,Adventure,7.930637906720852,Apr-Jun,,,
,,31.0,,,,,,,,,Murchison Falls,Masindi,Historical,8.534267493855534,Nov-Feb,,,
,,32.0,,,,,,,,,Zanzibar Beaches,Zanzibar,Beach,7.8063301955187105,Nov-Mar,,,
355.0,550.0,33.0,2024-01-01,2.0,Ritvik,ritvik@example.com,"Beaches, Historical",Male,1.0,0.0,Kampala City,Kampala,City,7.684440449007848,Oct-Mar,,,
,,34.0,,,,,,,,,Lake Bunyonyi,Kabale,Nature,8.206055639263237,Sep-Mar,,,
630.0,407.0,35.0,2024-03-20,2.0,Riya,riya@example.com,"Nature, Adventure",Female,2.0,1.0,Mount Rwenzori,Jammu and Kashmir,Adventure,8.115627955366532,Apr-Jun,,,
412.0,628.0,35.0,2024-01-01,5.0,Saanvi,saanvi@example.com,"Beaches, Historical",Female,1.0,2.0,Mount Rwenzori,Jammu and Kashmir,Adventure,8.115627955366532,Apr-Jun,,,
325.0,757.0,36.0,2024-01-01,5.0,Karan,karan@example.com,"Beaches, Historical",Male,1.0,0.0,Murchison Falls,Masindi,Historical,8.152769658316458,Nov-Feb,,,
731.0,934.0,36.0,2024-02-15,2.0,Saanvi,saanvi@example.com,"Beaches, Historical",Female,2.0,2.0,Murchison Falls,Masindi,Historical,8.152769658316458,Nov-Feb,,,
980.0,99.0,37.0,2024-02-15,4.0,Ishaan,ishaan@example.com,"City, Historical",Male,2.0,0.0,Zanzibar Beaches,Zanzibar,Beach,8.874757885859394,Nov-Mar,,,
29.0,324.0,38.0,2024-02-15,5.0,Rohan,rohan@example.com,"City, Historical",Male,1.0,1.0,Kampala City,Kampala,City,9.458687607787096,Oct-Mar,,,
347.0,560.0,38.0,2024-02-15,1.0,Tanvi,tanvi@example.com,"Nature, Adventure",Female,1.0,1.0,Kampala City,Kampala,City,9.458687607787096,Oct-Mar,,,
648.0,466.0,39.0,2024-03-20,4.0,Isha,isha@example.com,"Beaches, Historical",Female,1.0,2.0,Lake Bunyonyi,Kabale,Nature,9.276722027226734,Sep-Mar,,,
829.0,16.0,40.0,2024-01-01,4.0,Anika,anika@example.com,"Beaches, Historical",Female,1.0,2.0,Mount Rwenzori,Jammu and Kashmir,Adventure,9.451473447708324,Apr-Jun,,,
300.0,70.0,41.0,2024-03-20,3.0,Rohan,rohan@example.com,"Beaches, Historical",Male,1.0,2.0,Murchison Falls,Masindi,Historical,9.45205627034071,Nov-Feb,,,
545.0,928.0,41.0,2024-02-15,3.0,Riya,riya@example.com,"Beaches, Historical",Female,1.0,1.0,Murchison Falls,Masindi,Historical,9.45205627034071,Nov-Feb,,,
824.0,212.0,42.0,2024-02-15,1.0,Tanvi,tanvi@example.com,"Nature, Adventure",Female,2.0,0.0,Zanzibar Beaches,Zanzibar,Beach,8.854828172623169,Nov-Mar,,,
924.0,234.0,42.0,2024-03-20,1.0,Ritvik,ritvik@example.com,"City, Historical",Male,1.0,0.0,Zanzibar Beaches,Zanzibar,Beach,8.854828172623169,Nov-Mar,,,
232.0,786.0,42.0,2024-01-01,5.0,Tanvi,tanvi@example.com,"City, Historical",Female,2.0,1.0,Zanzibar Beaches,Zanzibar,Beach,8.854828172623169,Nov-Mar,,,
,,43.0,,,,,,,,,Kampala City,Kampala,City,8.935833780679161,Oct-Mar,,,
,,44.0,,,,,,,,,Lake Bunyonyi,Kabale,Nature,8.844208014043545,Sep-Mar,,,
,,45.0,,,,,,,,,Mount Rwenzori,Jammu and Kashmir,Adventure,8.987615299121257,Apr-Jun,,,
,,46.0,,,,,,,,,Murchison Falls,Masindi,Historical,8.66663306287539,Nov-Feb,,,
,,47.0,,,,,,,,,Zanzibar Beaches,Zanzibar,Beach,7.726020724706562,Nov-Mar,,,
943.0,358.0,48.0,2024-01-01,1.0,Anika,anika@example.com,"Beaches, Historical",Female,2.0,0.0,Kampala City,Kampala,City,9.072662351480414,Oct-Mar,,,
343.0,80.0,49.0,2024-01-01,2.0,Diya,diya@example.com,"Nature, Adventure",Female,1.0,2.0,Lake Bunyonyi,Kabale,Nature,8.0159728308643,Sep-Mar,,,
227.0,123.0,49.0,2024-02-15,2.0,Diya,diya@example.com,"City, Historical",Female,2.0,1.0,Lake Bunyonyi,Kabale,Nature,8.0159728308643,Sep-Mar,,,
662.0,302.0,49.0,2024-02-15,1.0,Ishaan,ishaan@example.com,"Nature, Adventure",Male,1.0,2.0,Lake Bunyonyi,Kabale,Nature,8.0159728308643,Sep-Mar,,,
393.0,8.0,50.0,2024-03-20,5.0,Vivaan,vivaan@example.com,"Nature, Adventure",Male,2.0,2.0,Mount Rwenzori,Jammu and Kashmir,Adventure,8.18047732584072,Apr-Jun,,,
482.0,13.0,50.0,2024-02-15,5.0,Dhruv,dhruv@example.com,"Beaches, Historical",Male,1.0,2.0,Mount Rwenzori,Jammu and Kashmir,Adventure,8.18047732584072,Apr-Jun,,,
392.0,115.0,50.0,2024-02-15,3.0,Meera,meera@example.com,"Beaches, Historical",Female,1.0,1.0,Mount Rwenzori,Jammu and Kashmir,Adventure,8.18047732584072,Apr-Jun,,,
101.0,934.0,51.0,2024-02-15,2.0,Saanvi,saanvi@example.com,"Beaches, Historical",Female,2.0,2.0,Murchison Falls,Masindi,Historical,8.329362264700663,Nov-Feb,,,
,,52.0,,,,,,,,,Zanzibar Beaches,Zanzibar,Beach,8.298754590990846,Nov-Mar,,,
796.0,100.0,53.0,2024-01-01,3.0,Tanvi,tanvi@example.com,"Beaches, Historical",Female,1.0,1.0,Kampala City,Kampala,City,8.399568313158765,Oct-Mar,,,
644.0,349.0,53.0,2024-02-15,1.0,Tanvi,tanvi@example.com,"Beaches, Historical",Female,2.0,1.0,Kampala City,Kampala,City,8.399568313158765,Oct-Mar,,,
,,54.0,,,,,,,,,Lake Bunyonyi,Kabale,Nature,8.116931496368345,Sep-Mar,,,
901.0,234.0,55.0,2024-01-01,5.0,Ritvik,ritvik@example.com,"City, Historical",Male,1.0,0.0,Mount Rwenzori,Jammu and Kashmir,Adventure,7.560629646730556,Apr-Jun,,,
962.0,799.0,55.0,2024-02-15,3.0,Riya,riya@example.com,"Beaches, Historical",Female,1.0,2.0,Mount Rwenzori,Jammu and Kashmir,Adventure,7.560629646730556,Apr-Jun,,,
,,56.0,,,,,,,,,Murchison Falls,Masindi,Historical,8.77933917498307,Nov-Feb,,,
,,57.0,,,,,,,,,Zanzibar Beaches,Zanzibar,Beach,8.061326287087322,Nov-Mar,,,
436.0,163.0,58.0,2024-01-01,4.0,Diya,diya@example.com,"Beaches, Historical",Female,2.0,2.0,Kampala City,Kampala,City,8.648115222412239,Oct-Mar,,,
906.0,390.0,59.0,2024-03-20,4.0,Arjun,arjun@example.com,"City, Historical",Male,2.0,1.0,Lake Bunyonyi,Kabale,Nature,9.490122865222292,Sep-Mar,,,
,,60.0,,,,,,,,,Mount Rwenzori,Jammu and Kashmir,Adventure,8.090294276209098,Apr-Jun,,,
125.0,78.0,61.0,2024-02-15,4.0,Aditya,aditya@example.com,"City, Historical",Male,1.0,0.0,Murchison Falls,Masindi,Historical,9.255411351531992,Nov-Feb,,,
589.0,269.0,62.0,2024-01-01,3.0,Aarav,aarav@example.com,"Nature, Adventure",Male,2.0,1.0,Zanzibar Beaches,Zanzibar,Beach,9.379786903532915,Nov-Mar,,,
352.0,992.0,62.0,2024-01-01,4.0,Karan,karan@example.com,"Nature, Adventure",Male,1.0,2.0,Zanzibar Beaches,Zanzibar,Beach,9.379786903532915,Nov-Mar,,,
,,63.0,,,,,,,,,Kampala City,Kampala,City,9.202094230781736,Oct-Mar,,,
950.0,225.0,64.0,2024-02-15,5.0,Isha,isha@example.com,"City, Historical",Female,2.0,0.0,Lake Bunyonyi,Kabale,Nature,7.995381521960635,Sep-Mar,,,
583.0,441.0,65.0,2024-01-01,2.0,Diya,diya@example.com,"City, Historical",Female,2.0,0.0,Mount Rwenzori,Jammu and Kashmir,Adventure,8.264285623199319,Apr-Jun,,,
166.0,483.0,66.0,2024-01-01,1.0,Pooja,pooja@example.com,"City, Historical",Female,1.0,1.0,Murchison Falls,Masindi,Historical,8.657185750902032,Nov-Feb,,,
747.0,95.0,67.0,2024-03-20,2.0,Kavya,kavya@example.com,"Nature, Adventure",Female,2.0,1.0,Zanzibar Beaches,Zanzibar,Beach,7.593468221686345,Nov-Mar,,,
242.0,443.0,67.0,2024-02-15,2.0,Rohan,rohan@example.com,"Nature, Adventure",Male,2.0,1.0,Zanzibar Beaches,Zanzibar,Beach,7.593468221686345,Nov-Mar,,,
152.0,979.0,68.0,2024-02-15,2.0,Rohan,rohan@example.com,"Beaches, Historical",Male,1.0,2.0,Kampala City,Kampala,City,7.599766915318256,Oct-Mar,,,
,,69.0,,,,,,,,,Lake Bunyonyi,Kabale,Nature,9.251449511759905,Sep-Mar,,,
,,70.0,,,,,,,,,Mount Rwenzori,Jammu and Kashmir,Adventure,8.302199786049163,Apr-Jun,,,
452.0,777.0,71.0,2024-02-15,3.0,Vivaan,vivaan@example.com,"City, Historical",Male,1.0,2.0,Murchison Falls,Masindi,Historical,7.918856059125499,Nov-Feb,,,
,,72.0,,,,,,,,,Zanzibar Beaches,Zanzibar,Beach,9.49812898326928,Nov-Mar,,,
,,73.0,,,,,,,,,Kampala City,Kampala,City,9.365362186929548,Oct-Mar,,,
,,74.0,,,,,,,,,Lake Bunyonyi,Kabale,Nature,8.61852560875922,Sep-Mar,,,
326.0,424.0,75.0,2024-02-15,1.0,Riya,riya@example.com,"Beaches, Historical",Female,1.0,0.0,Mount Rwenzori,Jammu and Kashmir,Adventure,8.051674304536373,Apr-Jun,,,
239.0,888.0,75.0,2024-02-15,4.0,Riya,riya@example.com,"City, Historical",Female,2.0,0.0,Mount Rwenzori,Jammu and Kashmir,Adventure,8.051674304536373,Apr-Jun,,,
898.0,904.0,75.0,2024-01-01,3.0,Rohan,rohan@example.com,"Beaches, Historical",Male,1.0,0.0,Mount Rwenzori,Jammu and Kashmir,Adventure,8.051674304536373,Apr-Jun,,,
931.0,978.0,76.0,2024-01-01,4.0,Pooja,pooja@example.com,"City, Historical",Female,2.0,1.0,Murchison Falls,Masindi,Historical,9.019776840711156,Nov-Feb,,,
,,77.0,,,,,,,,,Zanzibar Beaches,Zanzibar,Beach,8.72436552320658,Nov-Mar,,,
997.0,831.0,78.0,2024-01-01,1.0,Pooja,pooja@example.com,"City, Historical",Female,2.0,2.0,Kampala City,Kampala,City,8.697245496090385,Oct-Mar,,,
252.0,852.0,79.0,2024-03-20,4.0,Dhruv,dhruv@example.com,"City, Historical",Male,2.0,2.0,Lake Bunyonyi,Kabale,Nature,8.48262944456915,Sep-Mar,,,
296.0,343.0,80.0,2024-02-15,3.0,Saanvi,saanvi@example.com,"Beaches, Historical",Female,2.0,1.0,Mount Rwenzori,Jammu and Kashmir,Adventure,9.167168852535996,Apr-Jun,,,
763.0,990.0,81.0,2024-01-01,3.0,Diya,diya@example.com,"City, Historical",Female,2.0,2.0,Murchison Falls,Masindi,Historical,8.113730398100675,Nov-Feb,,,
539.0,609.0,82.0,2024-02-15,2.0,Meera,meera@example.com,"City, Historical",Female,2.0,2.0,Zanzibar Beaches,Zanzibar,Beach,8.067416540924038,Nov-Mar,,,
146.0,703.0,82.0,2024-02-15,2.0,Vivaan,vivaan@example.com,"Beaches, Historical",Male,2.0,1.0,Zanzibar Beaches,Zanzibar,Beach,8.067416540924038,Nov-Mar,,,
665.0,972.0,83.0,2024-02-15,1.0,Kavya,kavya@example.com,"City, Historical",Female,2.0,0.0,Kampala City,Kampala,City,9.25520276869782,Oct-Mar,,,
927.0,345.0,84.0,2024-03-20,4.0,Karan,karan@example.com,"City, Historical",Male,1.0,0.0,Lake Bunyonyi,Kabale,Nature,9.33374854303011,Sep-Mar,,,
750.0,397.0,85.0,2024-03-20,3.0,Anika,anika@example.com,"Beaches, Historical",Female,2.0,0.0,Mount Rwenzori,Jammu and Kashmir,Adventure,7.877439168200071,Apr-Jun,,,
278.0,232.0,86.0,2024-02-15,4.0,Ishaan,ishaan@example.com,"Beaches, Historical",Male,2.0,0.0,Murchison Falls,Masindi,Historical,8.093807911279,Nov-Feb,,,
291.0,610.0,87.0,2024-03-20,5.0,Vivaan,vivaan@example.com,"Beaches, Historical",Male,1.0,1.0,Zanzibar Beaches,Zanzibar,Beach,8.322799778823294,Nov-Mar,,,
,,88.0,,,,,,,,,Kampala City,Kampala,City,9.018383603515831,Oct-Mar,,,
710.0,11.0,89.0,2024-02-15,3.0,Vivaan,vivaan@example.com,"Nature, Adventure",Male,2.0,2.0,Lake Bunyonyi,Kabale,Nature,8.686130970942902,Sep-Mar,,,
376.0,530.0,90.0,2024-01-01,4.0,Anika,anika@example.com,"Nature, Adventure",Female,2.0,0.0,Mount Rwenzori,Jammu and Kashmir,Adventure,7.864848872360961,Apr-Jun,,,
119.0,35.0,91.0,2024-02-15,5.0,Rohan,rohan@example.com,"Nature, Adventure",Male,2.0,1.0,Murchison Falls,Masindi,Historical,8.775155892425978,Nov-Feb,,,
432.0,578.0,91.0,2024-03-20,4.0,Tanvi,tanvi@example.com,"Nature, Adventure",Female,2.0,1.0,Murchison Falls,Masindi,Historical,8.775155892425978,Nov-Feb,,,
711.0,56.0,92.0,2024-03-20,5.0,Aditya,aditya@example.com,"Nature, Adventure",Male,1.0,1.0,Zanzibar Beaches,Zanzibar,Beach,7.842354721882594,Nov-Mar,,,
84.0,69.0,92.0,2024-03-20,2.0,Arjun,arjun@example.com,"City, Historical",Male,1.0,0.0,Zanzibar Beaches,Zanzibar,Beach,7.842354721882594,Nov-Mar,,,
,,93.0,,,,,,,,,Kampala City,Kampala,City,9.116298424696906,Oct-Mar,,,
99.0,671.0,94.0,2024-03-20,2.0,Dhruv,dhruv@example.com,"Nature, Adventure",Male,2.0,2.0,Lake Bunyonyi,Kabale,Nature,7.678657960181018,Sep-Mar,,,
,,95.0,,,,,,,,,Mount Rwenzori,Jammu and Kashmir,Adventure,8.18716561676901,Apr-Jun,,,
116.0,160.0,96.0,2024-02-15,1.0,Aanya,aanya@example.com,"Beaches, Historical",Female,2.0,2.0,Murchison Falls,Masindi,Historical,8.984287702263758,Nov-Feb,,,
856.0,431.0,97.0,2024-01-01,4.0,Arjun,arjun@example.com,"Nature, Adventure",Male,1.0,1.0,Zanzibar Beaches,Zanzibar,Beach,8.882535315140167,Nov-Mar,,,
11.0,522.0,97.0,2024-02-15,2.0,Kavya,kavya@example.com,"City, Historical",Female,2.0,0.0,Zanzibar Beaches,Zanzibar,Beach,8.882535315140167,Nov-Mar,,,
,,98.0,,,,,,,,,Kampala City,Kampala,City,7.511446246886857,Oct-Mar,,,
,,99.0,,,,,,,,,Lake Bunyonyi,Kabale,Nature,8.154277486295694,Sep-Mar,,,
968.0,283.0,100.0,2024-02-15,3.0,Anika,anika@example.com,"Beaches, Historical",Female,1.0,1.0,Mount Rwenzori,Jammu and Kashmir,Adventure,8.55062227154497,Apr-Jun,,,
309.0,92.0,101.0,2024-03-20,3.0,Tanvi,tanvi@example.com,"Nature, Adventure",Female,2.0,0.0,Murchison Falls,Masindi,Historical,9.35787687156371,Nov-Feb,,,
469.0,306.0,102.0,2024-01-01,3.0,Meera,meera@example.com,"City, Historical",Female,2.0,1.0,Zanzibar Beaches,Zanzibar,Beach,7.901206474541698,Nov-Mar,,,
917.0,497.0,103.0,2024-02-15,1.0,Aarav,aarav@example.com,"Nature, Adventure",Male,2.0,1.0,Kampala City,Kampala,City,9.293866271159713,Oct-Mar,,,
488.0,840.0,103.0,2024-02-15,5.0,Diya,diya@example.com,"City, Historical",Female,1.0,0.0,Kampala City,Kampala,City,9.293866271159713,Oct-Mar,,,
558.0,862.0,103.0,2024-03-20,2.0,Arjun,arjun@example.com,"Beaches, Historical",Male,1.0,1.0,Kampala City,Kampala,City,9.293866271159713,Oct-Mar,,,
,,104.0,,,,,,,,,Lake Bunyonyi,Kabale,Nature,9.032056856576263,Sep-Mar,,,
580.0,342.0,105.0,2024-01-01,3.0,Hitesh,hitesh@example.com,"City, Historical",Male,1.0,0.0,Mount Rwenzori,Jammu and Kashmir,Adventure,9.367695620218187,Apr-Jun,,,
72.0,446.0,105.0,2024-03-20,3.0,Saanvi,saanvi@example.com,"Nature, Adventure",Female,2.0,2.0,Mount Rwenzori,Jammu and Kashmir,Adventure,9.367695620218187,Apr-Jun,,,
954.0,565.0,106.0,2024-03-20,5.0,Ritvik,ritvik@example.com,"Beaches, Historical",Male,2.0,1.0,Murchison Falls,Masindi,Historical,8.494823560399388,Nov-Feb,,,
,,107.0,,,,,,,,,Zanzibar Beaches,Zanzibar,Beach,8.670099991881528,Nov-Mar,,,
755.0,928.0,108.0,2024-02-15,4.0,Riya,riya@example.com,"Beaches, Historical",Female,1.0,1.0,Kampala City,Kampala,City,8.180179995253692,Oct-Mar,,,
738.0,823.0,109.0,2024-03-20,3.0,Pooja,pooja@example.com,"Beaches, Historical",Female,1.0,2.0,Lake Bunyonyi,Kabale,Nature,8.024075275103758,Sep-Mar,,,
348.0,837.0,109.0,2024-03-20,3.0,Meera,meera@example.com,"City, Historical",Female,2.0,2.0,Lake Bunyonyi,Kabale,Nature,8.024075275103758,Sep-Mar,,,
858.0,629.0,110.0,2024-03-20,5.0,Riya,riya@example.com,"Nature, Adventure",Female,2.0,0.0,Mount Rwenzori,Jammu and Kashmir,Adventure,8.885980061188206,Apr-Jun,,,
,,111.0,,,,,,,,,Murchison Falls,Masindi,Historical,8.979764648904338,Nov-Feb,,,
741.0,216.0,112.0,2024-03-20,1.0,Meera,meera@example.com,"City, Historical",Female,1.0,2.0,Zanzibar Beaches,Zanzibar,Beach,8.196505600821453,Nov-Mar,,,
454.0,346.0,113.0,2024-01-01,2.0,Hitesh,hitesh@example.com,"Beaches, Historical",Male,2.0,2.0,Kampala City,Kampala,City,7.576534512918616,Oct-Mar,,,
948.0,534.0,113.0,2024-03-20,3.0,Aanya,aanya@example.com,"City, Historical",Female,1.0,1.0,Kampala City,Kampala,City,7.576534512918616,Oct-Mar,,,
914.0,550.0,113.0,2024-02-15,3.0,Ritvik,ritvik@example.com,"Beaches, Historical",Male,1.0,0.0,Kampala City,Kampala,City,7.576534512918616,Oct-Mar,,,
533.0,964.0,113.0,2024-02-15,4.0,Saanvi,saanvi@example.com,"Beaches, Historical",Female,1.0,0.0,Kampala City,Kampala,City,7.576534512918616,Oct-Mar,,,
713.0,50.0,114.0,2024-02-15,3.0,Pooja,pooja@example.com,"Nature, Adventure",Female,2.0,0.0,Lake Bunyonyi,Kabale,Nature,9.46714704036077,Sep-Mar,,,
170.0,467.0,114.0,2024-02-15,2.0,Karan,karan@example.com,"Nature, Adventure",Male,2.0,2.0,Lake Bunyonyi,Kabale,Nature,9.46714704036077,Sep-Mar,,,
32.0,476.0,114.0,2024-02-15,1.0,Anika,anika@example.com,"Nature, Adventure",Female,1.0,0.0,Lake Bunyonyi,Kabale,Nature,9.46714704036077,Sep-Mar,,,
935.0,745.0,114.0,2024-02-15,2.0,Saanvi,saanvi@example.com,"Beaches, Historical",Female,1.0,2.0,Lake Bunyonyi,Kabale,Nature,9.46714704036077,Sep-Mar,,,
442.0,446.0,115.0,2024-01-01,4.0,Saanvi,saanvi@example.com,"Nature, Adventure",Female,2.0,2.0,Mount Rwenzori,Jammu and Kashmir,Adventure,8.717346793179837,Apr-Jun,,,
941.0,636.0,115.0,2024-02-15,3.0,Tanvi,tanvi@example.com,"City, Historical",Female,2.0,2.0,Mount Rwenzori,Jammu and Kashmir,Adventure,8.717346793179837,Apr-Jun,,,
,,116.0,,,,,,,,,Murchison Falls,Masindi,Historical,8.636073233725135,Nov-Feb,,,
501.0,676.0,117.0,2024-03-20,2.0,Karan,karan@example.com,"Beaches, Historical",Male,2.0,0.0,Zanzibar Beaches,Zanzibar,Beach,9.21979801445382,Nov-Mar,,,
302.0,874.0,117.0,2024-02-15,2.0,Hitesh,hitesh@example.com,"Beaches, Historical",Male,2.0,0.0,Zanzibar Beaches,Zanzibar,Beach,9.21979801445382,Nov-Mar,,,
216.0,65.0,118.0,2024-03-20,1.0,Pooja,pooja@example.com,"Nature, Adventure",Female,2.0,1.0,Kampala City,Kampala,City,7.69898565359074,Oct-Mar,,,
449.0,282.0,119.0,2024-02-15,3.0,Dhruv,dhruv@example.com,"City, Historical",Male,2.0,1.0,Lake Bunyonyi,Kabale,Nature,8.953643159740016,Sep-Mar,,,
806.0,233.0,120.0,2024-02-15,5.0,Aarav,aarav@example.com,"Nature, Adventure",Male,1.0,1.0,Mount Rwenzori,Jammu and Kashmir,Adventure,7.928950861748308,Apr-Jun,,,
433.0,261.0,120.0,2024-01-01,1.0,Ishaan,ishaan@example.com,"City, Historical",Male,2.0,2.0,Mount Rwenzori,Jammu and Kashmir,Adventure,7.928950861748308,Apr-Jun,,,
,,121.0,,,,,,,,,Murchison Falls,Masindi,Historical,8.624112218256297,Nov-Feb,,,
255.0,832.0,122.0,2024-03-20,1.0,Meera,meera@example.com,"Beaches, Historical",Female,2.0,1.0,Zanzibar Beaches,Zanzibar,Beach,7.791202932648026,Nov-Mar,,,
,,123.0,,,,,,,,,Kampala City,Kampala,City,9.31595003961975,Oct-Mar,,,
,,124.0,,,,,,,,,Lake Bunyonyi,Kabale,Nature,7.921320004258767,Sep-Mar,,,
,,125.0,,,,,,,,,Mount Rwenzori,Jammu and Kashmir,Adventure,8.13647203127079,Apr-Jun,,,
142.0,367.0,126.0,2024-01-01,4.0,Aanya,aanya@example.com,"Beaches, Historical",Female,1.0,0.0,Murchison Falls,Masindi,Historical,8.271757062443388,Nov-Feb,,,
147.0,757.0,126.0,2024-03-20,2.0,Karan,karan@example.com,"Beaches, Historical",Male,1.0,0.0,Murchison Falls,Masindi,Historical,8.271757062443388,Nov-Feb,,,
46.0,708.0,127.0,2024-01-01,4.0,Dhruv,dhruv@example.com,"City, Historical",Male,1.0,1.0,Zanzibar Beaches,Zanzibar,Beach,8.132745077467629,Nov-Mar,,,
718.0,303.0,128.0,2024-01-01,2.0,Riya,riya@example.com,"City, Historical",Female,2.0,2.0,Kampala City,Kampala,City,7.513479447324053,Oct-Mar,,,
556.0,346.0,128.0,2024-01-01,4.0,Hitesh,hitesh@example.com,"Beaches, Historical",Male,2.0,2.0,Kampala City,Kampala,City,7.513479447324053,Oct-Mar,,,
,,129.0,,,,,,,,,Lake Bunyonyi,Kabale,Nature,9.066328357904666,Sep-Mar,,,
334.0,27.0,130.0,2024-01-01,1.0,Diya,diya@example.com,"City, Historical",Female,2.0,2.0,Mount Rwenzori,Jammu and Kashmir,Adventure,9.46063445778344,Apr-Jun,,,
85.0,107.0,130.0,2024-01-01,5.0,Riya,riya@example.com,"Nature, Adventure",Female,1.0,1.0,Mount Rwenzori,Jammu and Kashmir,Adventure,9.46063445778344,Apr-Jun,,,
138.0,850.0,131.0,2024-03-20,1.0,Hitesh,hitesh@example.com,"Beaches, Historical",Male,2.0,0.0,Murchison Falls,Masindi,Historical,8.853926858989041,Nov-Feb,,,
,,132.0,,,,,,,,,Zanzibar Beaches,Zanzibar,Beach,8.188672007745929,Nov-Mar,,,
521.0,290.0,133.0,2024-02-15,3.0,Riya,riya@example.com,"Nature, Adventure",Female,2.0,1.0,Kampala City,Kampala,City,7.813559346844389,Oct-Mar,,,
758.0,773.0,133.0,2024-02-15,3.0,Arjun,arjun@example.com,"Nature, Adventure",Male,1.0,0.0,Kampala City,Kampala,City,7.813559346844389,Oct-Mar,,,
275.0,298.0,134.0,2024-02-15,1.0,Riya,riya@example.com,"Beaches, Historical",Female,1.0,2.0,Lake Bunyonyi,Kabale,Nature,7.743269418238725,Sep-Mar,,,
523.0,400.0,134.0,2024-01-01,1.0,Aanya,aanya@example.com,"Beaches, Historical",Female,2.0,1.0,Lake Bunyonyi,Kabale,Nature,7.743269418238725,Sep-Mar,,,
169.0,632.0,135.0,2024-01-01,1.0,Aarav,aarav@example.com,"Nature, Adventure",Male,1.0,0.0,Mount Rwenzori,Jammu and Kashmir,Adventure,9.398122784522716,Apr-Jun,,,
320.0,680.0,135.0,2024-02-15,1.0,Aditya,aditya@example.com,"Nature, Adventure",Male,1.0,0.0,Mount Rwenzori,Jammu and Kashmir,Adventure,9.398122784522716,Apr-Jun,,,
178.0,863.0,135.0,2024-01-01,4.0,Aarav,aarav@example.com,"Nature, Adventure",Male,1.0,2.0,Mount Rwenzori,Jammu and Kashmir,Adventure,9.398122784522716,Apr-Jun,,,
626.0,873.0,135.0,2024-02-15,2.0,Anika,anika@example.com,"City, Historical",Female,2.0,0.0,Mount Rwenzori,Jammu and Kashmir,Adventure,9.398122784522716,Apr-Jun,,,
,,136.0,,,,,,,,,Murchison Falls,Masindi,Historical,8.15356207947505,Nov-Feb,,,
654.0,814.0,137.0,2024-03-20,1.0,Aditya,aditya@example.com,"Beaches, Historical",Male,1.0,2.0,Zanzibar Beaches,Zanzibar,Beach,8.863570277264008,Nov-Mar,,,
,,138.0,,,,,,,,,Kampala City,Kampala,City,9.195643436953048,Oct-Mar,,,
363.0,503.0,139.0,2024-03-20,4.0,Dhruv,dhruv@example.com,"Nature, Adventure",Male,1.0,2.0,Lake Bunyonyi,Kabale,Nature,8.426322913287258,Sep-Mar,,,
83.0,636.0,139.0,2024-02-15,5.0,Tanvi,tanvi@example.com,"City, Historical",Female,2.0,2.0,Lake Bunyonyi,Kabale,Nature,8.426322913287258,Sep-Mar,,,
,,140.0,,,,,,,,,Mount Rwenzori,Jammu and Kashmir,Adventure,8.907807740975244,Apr-Jun,,,
,,141.0,,,,,,,,,Murchison Falls,Masindi,Historical,7.618133331669091,Nov-Feb,,,
817.0,178.0,142.0,2024-01-01,4.0,Pooja,pooja@example.com,"Beaches, Historical",Female,1.0,0.0,Zanzibar Beaches,Zanzibar,Beach,7.601039201109356,Nov-Mar,,,
989.0,684.0,142.0,2024-02-15,2.0,Aditya,aditya@example.com,"City, Historical",Male,1.0,0.0,Zanzibar Beaches,Zanzibar,Beach,7.601039201109356,Nov-Mar,,,
,,143.0,,,,,,,,,Kampala City,Kampala,City,8.299735698712732,Oct-Mar,,,
,,144.0,,,,,,,,,Lake Bunyonyi,Kabale,Nature,7.8305412284530735,Sep-Mar,,,
221.0,747.0,145.0,2024-02-15,5.0,Isha,isha@example.com,"City, Historical",Female,1.0,0.0,Mount Rwenzori,Jammu and Kashmir,Adventure,9.388011428887994,Apr-Jun,,,
504.0,613.0,146.0,2024-03-20,3.0,Aanya,aanya@example.com,"Beaches, Historical",Female,2.0,0.0,Murchison Falls,Masindi,Historical,8.373844119971205,Nov-Feb,,,
703.0,893.0,146.0,2024-01-01,3.0,Ishaan,ishaan@example.com,"Nature, Adventure",Male,2.0,1.0,Murchison Falls,Masindi,Historical,8.373844119971205,Nov-Feb,,,
,,147.0,,,,,,,,,Zanzibar Beaches,Zanzibar,Beach,7.770934466715671,Nov-Mar,,,
782.0,123.0,148.0,2024-02-15,3.0,Diya,diya@example.com,"City, Historical",Female,2.0,1.0,Kampala City,Kampala,City,7.69274109154765,Oct-Mar,,,
18.0,352.0,149.0,2024-03-20,5.0,Kavya,kavya@example.com,"Beaches, Historical",Female,1.0,0.0,Lake Bunyonyi,Kabale,Nature,7.812523860815096,Sep-Mar,,,
945.0,913.0,149.0,2024-03-20,1.0,Dhruv,dhruv@example.com,"Beaches, Historical",Male,1.0,1.0,Lake Bunyonyi,Kabale,Nature,7.812523860815096,Sep-Mar,,,
,,150.0,,,,,,,,,Mount Rwenzori,Jammu and Kashmir,Adventure,8.863872329774836,Apr-Jun,,,
,,151.0,,,,,,,,,Murchison Falls,Masindi,Historical,9.450175079123191,Nov-Feb,,,
118.0,363.0,152.0,2024-01-01,2.0,Anika,anika@example.com,"City, Historical",Female,1.0,0.0,Zanzibar Beaches,Zanzibar,Beach,9.000248319359416,Nov-Mar,,,
279.0,91.0,153.0,2024-03-20,5.0,Ishaan,ishaan@example.com,"Beaches, Historical",Male,2.0,1.0,Kampala City,Kampala,City,9.072635913777948,Oct-Mar,,,
624.0,812.0,153.0,2024-03-20,3.0,Dhruv,dhruv@example.com,"Nature, Adventure",Male,2.0,0.0,Kampala City,Kampala,City,9.072635913777948,Oct-Mar,,,
849.0,117.0,154.0,2024-03-20,2.0,Aarav,aarav@example.com,"City, Historical",Male,2.0,1.0,Lake Bunyonyi,Kabale,Nature,9.48479754719289,Sep-Mar,,,
,,155.0,,,,,,,,,Mount Rwenzori,Jammu and Kashmir,Adventure,7.933121408559026,Apr-Jun,,,
,,156.0,,,,,,,,,Murchison Falls,Masindi,Historical,8.96758311752555,Nov-Feb,,,
,,157.0,,,,,,,,,Zanzibar Beaches,Zanzibar,Beach,7.607643334351276,Nov-Mar,,,
117.0,288.0,158.0,2024-03-20,3.0,Isha,isha@example.com,"City, Historical",Female,1.0,1.0,Kampala City,Kampala,City,8.533439718586166,Oct-Mar,,,
632.0,468.0,159.0,2024-02-15,5.0,Aditya,aditya@example.com,"City, Historical",Male,1.0,0.0,Lake Bunyonyi,Kabale,Nature,8.017566360422618,Sep-Mar,,,
183.0,936.0,159.0,2024-03-20,1.0,Aditya,aditya@example.com,"City, Historical",Male,1.0,0.0,Lake Bunyonyi,Kabale,Nature,8.017566360422618,Sep-Mar,,,
974.0,750.0,160.0,2024-02-15,3.0,Hitesh,hitesh@example.com,"City, Historical",Male,1.0,2.0,Mount Rwenzori,Jammu and Kashmir,Adventure,8.0366846404497,Apr-Jun,,,
219.0,724.0,161.0,2024-03-20,5.0,Kavya,kavya@example.com,"Beaches, Historical",Female,2.0,2.0,Murchison Falls,Masindi,Historical,7.738547101644033,Nov-Feb,,,
912.0,803.0,161.0,2024-03-20,1.0,Isha,isha@example.com,"Nature, Adventure",Female,2.0,1.0,Murchison Falls,Masindi,Historical,7.738547101644033,Nov-Feb,,,
,,162.0,,,,,,,,,Zanzibar Beaches,Zanzibar,Beach,7.5447704698175055,Nov-Mar,,,
,,163.0,,,,,,,,,Kampala City,Kampala,City,8.168780568830128,Oct-Mar,,,
318.0,430.0,164.0,2024-03-20,3.0,Vivaan,vivaan@example.com,"Beaches, Historical",Male,1.0,1.0,Lake Bunyonyi,Kabale,Nature,7.81836693407545,Sep-Mar,,,
,,165.0,,,,,,,,,Mount Rwenzori,Jammu and Kashmir,Adventure,7.554650204523121,Apr-Jun,,,
462.0,954.0,166.0,2024-03-20,4.0,Vivaan,vivaan@example.com,"City, Historical",Male,2.0,2.0,Murchison Falls,Masindi,Historical,7.967520190746358,Nov-Feb,,,
650.0,260.0,167.0,2024-02-15,5.0,Isha,isha@example.com,"Nature, Adventure",Female,1.0,0.0,Zanzibar Beaches,Zanzibar,Beach,9.1852981894065,Nov-Mar,,,
527.0,285.0,167.0,2024-02-15,2.0,Isha,isha@example.com,"City, Historical",Female,1.0,0.0,Zanzibar Beaches,Zanzibar,Beach,9.1852981894065,Nov-Mar,,,
443.0,320.0,168.0,2024-02-15,1.0,Aanya,aanya@example.com,"Nature, Adventure",Female,2.0,0.0,Kampala City,Kampala,City,7.634504263080543,Oct-Mar,,,
559.0,290.0,169.0,2024-01-01,2.0,Riya,riya@example.com,"Nature, Adventure",Female,2.0,1.0,Lake Bunyonyi,Kabale,Nature,7.686748942635202,Sep-Mar,,,
549.0,765.0,169.0,2024-03-20,2.0,Hitesh,hitesh@example.com,"City, Historical",Male,2.0,0.0,Lake Bunyonyi,Kabale,Nature,7.686748942635202,Sep-Mar,,,
143.0,904.0,169.0,2024-02-15,5.0,Rohan,rohan@example.com,"Beaches, Historical",Male,1.0,0.0,Lake Bunyonyi,Kabale,Nature,7.686748942635202,Sep-Mar,,,
428.0,69.0,170.0,2024-02-15,2.0,Arjun,arjun@example.com,"City, Historical",Male,1.0,0.0,Mount Rwenzori,Jammu and Kashmir,Adventure,7.848982805962368,Apr-Jun,,,
327.0,518.0,170.0,2024-03-20,2.0,Tanvi,tanvi@example.com,"Nature, Adventure",Female,2.0,2.0,Mount Rwenzori,Jammu and Kashmir,Adventure,7.848982805962368,Apr-Jun,,,
148.0,526.0,170.0,2024-01-01,3.0,Ishaan,ishaan@example.com,"Beaches, Historical",Male,1.0,0.0,Mount Rwenzori,Jammu and Kashmir,Adventure,7.848982805962368,Apr-Jun,,,
797.0,590.0,171.0,2024-02-15,4.0,Ishaan,ishaan@example.com,"Nature, Adventure",Male,1.0,2.0,Murchison Falls,Masindi,Historical,7.721043377213922,Nov-Feb,,,
666.0,745.0,171.0,2024-03-20,4.0,Saanvi,saanvi@example.com,"Beaches, Historical",Female,1.0,2.0,Murchison Falls,Masindi,Historical,7.721043377213922,Nov-Feb,,,
,,172.0,,,,,,,,,Zanzibar Beaches,Zanzibar,Beach,9.486279939461564,Nov-Mar,,,
,,173.0,,,,,,,,,Kampala City,Kampala,City,7.722252209890692,Oct-Mar,,,
561.0,217.0,174.0,2024-03-20,4.0,Ishaan,ishaan@example.com,"Beaches, Historical",Male,1.0,1.0,Lake Bunyonyi,Kabale,Nature,8.360692114959477,Sep-Mar,,,
877.0,174.0,175.0,2024-01-01,2.0,Hitesh,hitesh@example.com,"City, Historical",Male,1.0,1.0,Mount Rwenzori,Jammu and Kashmir,Adventure,8.866219313947683,Apr-Jun,,,
79.0,327.0,175.0,2024-01-01,3.0,Pooja,pooja@example.com,"City, Historical",Female,1.0,1.0,Mount Rwenzori,Jammu and Kashmir,Adventure,8.866219313947683,Apr-Jun,,,
929.0,16.0,176.0,2024-02-15,1.0,Anika,anika@example.com,"Beaches, Historical",Female,1.0,2.0,Murchison Falls,Masindi,Historical,8.165093921735247,Nov-Feb,,,
807.0,148.0,176.0,2024-03-20,1.0,Rohan,rohan@example.com,"Beaches, Historical",Male,2.0,1.0,Murchison Falls,Masindi,Historical,8.165093921735247,Nov-Feb,,,
358.0,803.0,177.0,2024-01-01,5.0,Isha,isha@example.com,"Nature, Adventure",Female,2.0,1.0,Zanzibar Beaches,Zanzibar,Beach,9.446896779006565,Nov-Mar,,,
,,178.0,,,,,,,,,Kampala City,Kampala,City,8.544351694378236,Oct-Mar,,,
,,179.0,,,,,,,,,Lake Bunyonyi,Kabale,Nature,8.299149270820505,Sep-Mar,,,
107.0,686.0,180.0,2024-02-15,5.0,Ritvik,ritvik@example.com,"Nature, Adventure",Male,2.0,2.0,Mount Rwenzori,Jammu and Kashmir,Adventure,8.091363134430685,Apr-Jun,,,
880.0,651.0,181.0,2024-01-01,1.0,Aarav,aarav@example.com,"City, Historical",Male,2.0,0.0,Murchison Falls,Masindi,Historical,9.236840653145723,Nov-Feb,,,
478.0,669.0,181.0,2024-01-01,4.0,Aditya,aditya@example.com,"City, Historical",Male,2.0,1.0,Murchison Falls,Masindi,Historical,9.236840653145723,Nov-Feb,,,
160.0,814.0,181.0,2024-01-01,4.0,Aditya,aditya@example.com,"Beaches, Historical",Male,1.0,2.0,Murchison Falls,Masindi,Historical,9.236840653145723,Nov-Feb,,,
822.0,759.0,182.0,2024-03-20,5.0,Tanvi,tanvi@example.com,"City, Historical",Female,2.0,1.0,Zanzibar Beaches,Zanzibar,Beach,8.332585021952074,Nov-Mar,,,
,,183.0,,,,,,,,,Kampala City,Kampala,City,8.872498743885908,Oct-Mar,,,
,,184.0,,,,,,,,,Lake Bunyonyi,Kabale,Nature,7.816345212118861,Sep-Mar,,,
746.0,308.0,185.0,2024-02-15,3.0,Saanvi,saanvi@example.com,"Nature, Adventure",Female,2.0,2.0,Mount Rwenzori,Jammu and Kashmir,Adventure,8.242881342868039,Apr-Jun,,,
951.0,394.0,185.0,2024-03-20,3.0,Anika,anika@example.com,"Beaches, Historical",Female,2.0,2.0,Mount Rwenzori,Jammu and Kashmir,Adventure,8.242881342868039,Apr-Jun,,,
551.0,235.0,186.0,2024-02-15,2.0,Dhruv,dhruv@example.com,"Beaches, Historical",Male,1.0,2.0,Murchison Falls,Masindi,Historical,8.118994457168691,Nov-Feb,,,
,,187.0,,,,,,,,,Zanzibar Beaches,Zanzibar,Beach,8.843079930515232,Nov-Mar,,,
62.0,217.0,188.0,2024-02-15,2.0,Ishaan,ishaan@example.com,"Beaches, Historical",Male,1.0,1.0,Kampala City,Kampala,City,8.202625978518912,Oct-Mar,,,
768.0,564.0,188.0,2024-03-20,3.0,Vivaan,vivaan@example.com,"City, Historical",Male,2.0,0.0,Kampala City,Kampala,City,8.202625978518912,Oct-Mar,,,
391.0,42.0,189.0,2024-01-01,2.0,Riya,riya@example.com,"City, Historical",Female,2.0,2.0,Lake Bunyonyi,Kabale,Nature,8.649611762507414,Sep-Mar,,,
722.0,896.0,189.0,2024-02-15,4.0,Diya,diya@example.com,"Nature, Adventure",Female,2.0,2.0,Lake Bunyonyi,Kabale,Nature,8.649611762507414,Sep-Mar,,,
838.0,928.0,190.0,2024-01-01,3.0,Riya,riya@example.com,"Beaches, Historical",Female,1.0,1.0,Mount Rwenzori,Jammu and Kashmir,Adventure,9.150588626183191,Apr-Jun,,,
597.0,318.0,191.0,2024-03-20,2.0,Diya,diya@example.com,"City, Historical",Female,2.0,0.0,Murchison Falls,Masindi,Historical,8.072256876114661,Nov-Feb,,,
303.0,419.0,192.0,2024-03-20,4.0,Rohan,rohan@example.com,"Nature, Adventure",Male,2.0,1.0,Zanzibar Beaches,Zanzibar,Beach,8.419905788920559,Nov-Mar,,,
,,193.0,,,,,,,,,Kampala City,Kampala,City,7.672819736516948,Oct-Mar,,,
714.0,300.0,194.0,2024-03-20,1.0,Saanvi,saanvi@example.com,"City, Historical",Female,2.0,1.0,Lake Bunyonyi,Kabale,Nature,7.764994888805412,Sep-Mar,,,
932.0,677.0,195.0,2024-02-15,4.0,Vivaan,vivaan@example.com,"Nature, Adventure",Male,2.0,0.0,Mount Rwenzori,Jammu and Kashmir,Adventure,9.09297245471366,Apr-Jun,,,
507.0,169.0,196.0,2024-03-20,5.0,Anika,anika@example.com,"Beaches, Historical",Female,2.0,2.0,Murchison Falls,Masindi,Historical,8.393643741715653,Nov-Feb,,,
,,197.0,,,,,,,,,Zanzibar Beaches,Zanzibar,Beach,9.433855269535494,Nov-Mar,,,
776.0,925.0,198.0,2024-02-15,3.0,Ritvik,ritvik@example.com,"Beaches, Historical",Male,2.0,2.0,Kampala City,Kampala,City,8.25589320047637,Oct-Mar,,,
184.0,234.0,199.0,2024-01-01,4.0,Ritvik,ritvik@example.com,"City, Historical",Male,1.0,0.0,Lake Bunyonyi,Kabale,Nature,9.112874173872637,Sep-Mar,,,
726.0,43.0,200.0,2024-03-20,1.0,Riya,riya@example.com,"Beaches, Historical",Female,1.0,2.0,Mount Rwenzori,Jammu and Kashmir,Adventure,7.77167518972464,Apr-Jun,,,
21.0,501.0,200.0,2024-03-20,1.0,Arjun,arjun@example.com,"City, Historical",Male,2.0,0.0,Mount Rwenzori,Jammu and Kashmir,Adventure,7.77167518972464,Apr-Jun,,,
928.0,785.0,200.0,2024-01-01,5.0,Karan,karan@example.com,"Nature, Adventure",Male,1.0,0.0,Mount Rwenzori,Jammu and Kashmir,Adventure,7.77167518972464,Apr-Jun,,,
575.0,394.0,201.0,2024-02-15,1.0,Anika,anika@example.com,"Beaches, Historical",Female,2.0,2.0,Murchison Falls,Masindi,Historical,7.653509093644129,Nov-Feb,,,
872.0,262.0,202.0,2024-02-15,2.0,Kavya,kavya@example.com,"Beaches, Historical",Female,2.0,2.0,Zanzibar Beaches,Zanzibar,Beach,8.24671865641993,Nov-Mar,,,
976.0,934.0,202.0,2024-01-01,1.0,Saanvi,saanvi@example.com,"Beaches, Historical",Female,2.0,2.0,Zanzibar Beaches,Zanzibar,Beach,8.24671865641993,Nov-Mar,,,
418.0,437.0,203.0,2024-01-01,2.0,Arjun,arjun@example.com,"Nature, Adventure",Male,2.0,1.0,Kampala City,Kampala,City,9.04284018561824,Oct-Mar,,,
496.0,752.0,203.0,2024-01-01,5.0,Vivaan,vivaan@example.com,"Nature, Adventure",Male,1.0,2.0,Kampala City,Kampala,City,9.04284018561824,Oct-Mar,,,
408.0,8.0,204.0,2024-03-20,5.0,Vivaan,vivaan@example.com,"Nature, Adventure",Male,2.0,2.0,Lake Bunyonyi,Kabale,Nature,7.96348370355229,Sep-Mar,,,
464.0,293.0,204.0,2024-02-15,3.0,Kavya,kavya@example.com,"Nature, Adventure",Female,1.0,0.0,Lake Bunyonyi,Kabale,Nature,7.96348370355229,Sep-Mar,,,
416.0,463.0,204.0,2024-02-15,1.0,Karan,karan@example.com,"Beaches, Historical",Male,1.0,2.0,Lake Bunyonyi,Kabale,Nature,7.96348370355229,Sep-Mar,,,
159.0,204.0,205.0,2024-03-20,2.0,Ishaan,ishaan@example.com,"City, Historical",Male,1.0,0.0,Mount Rwenzori,Jammu and Kashmir,Adventure,8.456754675076878,Apr-Jun,,,
437.0,578.0,205.0,2024-02-15,1.0,Tanvi,tanvi@example.com,"Nature, Adventure",Female,2.0,1.0,Mount Rwenzori,Jammu and Kashmir,Adventure,8.456754675076878,Apr-Jun,,,
,,206.0,,,,,,,,,Murchison Falls,Masindi,Historical,9.282226276103572,Nov-Feb,,,
,,207.0,,,,,,,,,Zanzibar Beaches,Zanzibar,Beach,8.560557283746103,Nov-Mar,,,
33.0,260.0,208.0,2024-03-20,2.0,Isha,isha@example.com,"Nature, Adventure",Female,1.0,0.0,Kampala City,Kampala,City,9.232664943302456,Oct-Mar,,,
19.0,330.0,208.0,2024-01-01,3.0,Aanya,aanya@example.com,"City, Historical",Female,2.0,1.0,Kampala City,Kampala,City,9.232664943302456,Oct-Mar,,,
413.0,801.0,209.0,2024-02-15,5.0,Isha,isha@example.com,"City, Historical",Female,2.0,0.0,Lake Bunyonyi,Kabale,Nature,7.650543289908463,Sep-Mar,,,
,,210.0,,,,,,,,,Mount Rwenzori,Jammu and Kashmir,Adventure,8.277611273067814,Apr-Jun,,,
546.0,424.0,211.0,2024-03-20,5.0,Riya,riya@example.com,"Beaches, Historical",Female,1.0,0.0,Murchison Falls,Masindi,Historical,8.188261257930963,Nov-Feb,,,
346.0,579.0,211.0,2024-01-01,4.0,Aarav,aarav@example.com,"City, Historical",Male,2.0,1.0,Murchison Falls,Masindi,Historical,8.188261257930963,Nov-Feb,,,
,,212.0,,,,,,,,,Zanzibar Beaches,Zanzibar,Beach,9.149424673009314,Nov-Mar,,,
,,213.0,,,,,,,,,Kampala City,Kampala,City,7.971646077114067,Oct-Mar,,,
,,214.0,,,,,,,,,Lake Bunyonyi,Kabale,Nature,8.37824470003113,Sep-Mar,,,
,,215.0,,,,,,,,,Mount Rwenzori,Jammu and Kashmir,Adventure,7.584036611041155,Apr-Jun,,,
349.0,415.0,216.0,2024-01-01,4.0,Arjun,arjun@example.com,"Beaches, Historical",Male,1.0,2.0,Murchison Falls,Masindi,Historical,9.36720219996661,Nov-Feb,,,
422.0,592.0,216.0,2024-02-15,3.0,Saanvi,saanvi@example.com,"Beaches, Historical",Female,2.0,1.0,Murchison Falls,Masindi,Historical,9.36720219996661,Nov-Feb,,,
37.0,902.0,216.0,2024-01-01,4.0,Anika,anika@example.com,"Nature, Adventure",Female,2.0,2.0,Murchison Falls,Masindi,Historical,9.36720219996661,Nov-Feb,,,
217.0,653.0,217.0,2024-01-01,4.0,Aarav,aarav@example.com,"Nature, Adventure",Male,2.0,1.0,Zanzibar Beaches,Zanzibar,Beach,9.14476464169103,Nov-Mar,,,
229.0,869.0,217.0,2024-01-01,2.0,Karan,karan@example.com,"Nature, Adventure",Male,1.0,1.0,Zanzibar Beaches,Zanzibar,Beach,9.14476464169103,Nov-Mar,,,
128.0,462.0,218.0,2024-02-15,2.0,Aditya,aditya@example.com,"City, Historical",Male,1.0,1.0,Kampala City,Kampala,City,9.034168574407344,Oct-Mar,,,
900.0,923.0,218.0,2024-03-20,1.0,Isha,isha@example.com,"Nature, Adventure",Female,2.0,2.0,Kampala City,Kampala,City,9.034168574407344,Oct-Mar,,,
,,219.0,,,,,,,,,Lake Bunyonyi,Kabale,Nature,9.23761035529466,Sep-Mar,,,
701.0,294.0,220.0,2024-02-15,3.0,Aditya,aditya@example.com,"City, Historical",Male,2.0,0.0,Mount Rwenzori,Jammu and Kashmir,Adventure,8.869504608299943,Apr-Jun,,,
606.0,320.0,220.0,2024-03-20,4.0,Aanya,aanya@example.com,"Nature, Adventure",Female,2.0,0.0,Mount Rwenzori,Jammu and Kashmir,Adventure,8.869504608299943,Apr-Jun,,,
384.0,827.0,221.0,2024-03-20,3.0,Rohan,rohan@example.com,"Nature, Adventure",Male,2.0,0.0,Murchison Falls,Masindi,Historical,8.719051821566694,Nov-Feb,,,
173.0,15.0,222.0,2024-02-15,1.0,Karan,karan@example.com,"City, Historical",Male,1.0,2.0,Zanzibar Beaches,Zanzibar,Beach,8.240843057485613,Nov-Mar,,,
73.0,222.0,223.0,2024-01-01,4.0,Rohan,rohan@example.com,"City, Historical",Male,1.0,1.0,Kampala City,Kampala,City,8.936949815863377,Oct-Mar,,,
54.0,306.0,223.0,2024-03-20,3.0,Meera,meera@example.com,"City, Historical",Female,2.0,1.0,Kampala City,Kampala,City,8.936949815863377,Oct-Mar,,,
985.0,50.0,224.0,2024-01-01,2.0,Pooja,pooja@example.com,"Nature, Adventure",Female,2.0,0.0,Lake Bunyonyi,Kabale,Nature,8.077912596148288,Sep-Mar,,,
,,225.0,,,,,,,,,Mount Rwenzori,Jammu and Kashmir,Adventure,8.793334588772431,Apr-Jun,,,
,,226.0,,,,,,,,,Murchison Falls,Masindi,Historical,7.721478393909334,Nov-Feb,,,
369.0,283.0,227.0,2024-03-20,5.0,Anika,anika@example.com,"Beaches, Historical",Female,1.0,1.0,Zanzibar Beaches,Zanzibar,Beach,8.882153318904079,Nov-Mar,,,
604.0,573.0,227.0,2024-01-01,2.0,Hitesh,hitesh@example.com,"City, Historical",Male,2.0,0.0,Zanzibar Beaches,Zanzibar,Beach,8.882153318904079,Nov-Mar,,,
771.0,281.0,228.0,2024-03-20,5.0,Aarav,aarav@example.com,"Nature, Adventure",Male,2.0,2.0,Kampala City,Kampala,City,8.534275498218907,Oct-Mar,,,
341.0,321.0,229.0,2024-02-15,5.0,Tanvi,tanvi@example.com,"City, Historical",Female,2.0,2.0,Lake Bunyonyi,Kabale,Nature,7.603935909874509,Sep-Mar,,,
93.0,44.0,230.0,2024-03-20,2.0,Arjun,arjun@example.com,"Nature, Adventure",Male,2.0,2.0,Mount Rwenzori,Jammu and Kashmir,Adventure,7.619039723254248,Apr-Jun,,,
475.0,213.0,230.0,2024-01-01,2.0,Aarav,aarav@example.com,"City, Historical",Male,1.0,2.0,Mount Rwenzori,Jammu and Kashmir,Adventure,7.619039723254248,Apr-Jun,,,
,,231.0,,,,,,,,,Murchison Falls,Masindi,Historical,7.788256139986302,Nov-Feb,,,
,,232.0,,,,,,,,,Zanzibar Beaches,Zanzibar,Beach,8.789144742286863,Nov-Mar,,,
,,233.0,,,,,,,,,Kampala City,Kampala,City,7.782973981393143,Oct-Mar,,,
,,234.0,,,,,,,,,Lake Bunyonyi,Kabale,Nature,9.420960540403104,Sep-Mar,,,
417.0,121.0,235.0,2024-03-20,2.0,Isha,isha@example.com,"Beaches, Historical",Female,2.0,2.0,Mount Rwenzori,Jammu and Kashmir,Adventure,8.734064597506109,Apr-Jun,,,
614.0,382.0,236.0,2024-02-15,3.0,Kavya,kavya@example.com,"Beaches, Historical",Female,1.0,1.0,Murchison Falls,Masindi,Historical,8.42477279242355,Nov-Feb,,,
649.0,769.0,236.0,2024-01-01,1.0,Kavya,kavya@example.com,"Beaches, Historical",Female,2.0,1.0,Murchison Falls,Masindi,Historical,8.42477279242355,Nov-Feb,,,
,,237.0,,,,,,,,,Zanzibar Beaches,Zanzibar,Beach,8.160740974111713,Nov-Mar,,,
,,238.0,,,,,,,,,Kampala City,Kampala,City,8.127785896913094,Oct-Mar,,,
541.0,30.0,239.0,2024-01-01,5.0,Riya,riya@example.com,"City, Historical",Female,1.0,1.0,Lake Bunyonyi,Kabale,Nature,8.757659224866991,Sep-Mar,,,
613.0,677.0,239.0,2024-01-01,2.0,Vivaan,vivaan@example.com,"Nature, Adventure",Male,2.0,0.0,Lake Bunyonyi,Kabale,Nature,8.757659224866991,Sep-Mar,,,
401.0,878.0,239.0,2024-02-15,1.0,Meera,meera@example.com,"Nature, Adventure",Female,1.0,2.0,Lake Bunyonyi,Kabale,Nature,8.757659224866991,Sep-Mar,,,
691.0,978.0,239.0,2024-01-01,4.0,Pooja,pooja@example.com,"City, Historical",Female,2.0,1.0,Lake Bunyonyi,Kabale,Nature,8.757659224866991,Sep-Mar,,,
995.0,129.0,240.0,2024-02-15,3.0,Aarav,aarav@example.com,"City, Historical",Male,2.0,1.0,Mount Rwenzori,Jammu and Kashmir,Adventure,8.51845220238507,Apr-Jun,,,
,,241.0,,,,,,,,,Murchison Falls,Masindi,Historical,7.668642704912232,Nov-Feb,,,
288.0,133.0,242.0,2024-03-20,4.0,Ritvik,ritvik@example.com,"Beaches, Historical",Male,2.0,2.0,Zanzibar Beaches,Zanzibar,Beach,9.164688152340853,Nov-Mar,,,
429.0,215.0,242.0,2024-03-20,5.0,Riya,riya@example.com,"Nature, Adventure",Female,1.0,0.0,Zanzibar Beaches,Zanzibar,Beach,9.164688152340853,Nov-Mar,,,
145.0,256.0,242.0,2024-01-01,3.0,Hitesh,hitesh@example.com,"Beaches, Historical",Male,2.0,1.0,Zanzibar Beaches,Zanzibar,Beach,9.164688152340853,Nov-Mar,,,
,,243.0,,,,,,,,,Kampala City,Kampala,City,9.068862539358657,Oct-Mar,,,
,,244.0,,,,,,,,,Lake Bunyonyi,Kabale,Nature,9.011521245140806,Sep-Mar,,,
839.0,834.0,245.0,2024-02-15,2.0,Vivaan,vivaan@example.com,"City, Historical",Male,2.0,1.0,Mount Rwenzori,Jammu and Kashmir,Adventure,9.459953313645835,Apr-Jun,,,
,,246.0,,,,,,,,,Murchison Falls,Masindi,Historical,8.617311411386703,Nov-Feb,,,
,,247.0,,,,,,,,,Zanzibar Beaches,Zanzibar,Beach,9.153509849210488,Nov-Mar,,,
,,248.0,,,,,,,,,Kampala City,Kampala,City,7.879027092891848,Oct-Mar,,,
,,249.0,,,,,,,,,Lake Bunyonyi,Kabale,Nature,8.89428404394321,Sep-Mar,,,
185.0,672.0,250.0,2024-02-15,1.0,Riya,riya@example.com,"City, Historical",Female,2.0,0.0,Mount Rwenzori,Jammu and Kashmir,Adventure,9.151090722807776,Apr-Jun,,,
423.0,858.0,250.0,2024-03-20,3.0,Rohan,rohan@example.com,"City, Historical",Male,1.0,2.0,Mount Rwenzori,Jammu and Kashmir,Adventure,9.151090722807776,Apr-Jun,,,
290.0,518.0,251.0,2024-02-15,2.0,Tanvi,tanvi@example.com,"Nature, Adventure",Female,2.0,2.0,Murchison Falls,Masindi,Historical,8.041916757088895,Nov-Feb,,,
594.0,713.0,251.0,2024-03-20,2.0,Kavya,kavya@example.com,"Nature, Adventure",Female,2.0,0.0,Murchison Falls,Masindi,Historical,8.041916757088895,Nov-Feb,,,
,,252.0,,,,,,,,,Zanzibar Beaches,Zanzibar,Beach,8.836459649194737,Nov-Mar,,,
262.0,287.0,253.0,2024-01-01,4.0,Isha,isha@example.com,"Nature, Adventure",Female,1.0,2.0,Kampala City,Kampala,City,8.125034098865065,Oct-Mar,,,
245.0,966.0,253.0,2024-02-15,2.0,Riya,riya@example.com,"City, Historical",Female,1.0,0.0,Kampala City,Kampala,City,8.125034098865065,Oct-Mar,,,
582.0,87.0,254.0,2024-03-20,3.0,Ishaan,ishaan@example.com,"City, Historical",Male,2.0,2.0,Lake Bunyonyi,Kabale,Nature,9.143167495034348,Sep-Mar,,,
,,255.0,,,,,,,,,Mount Rwenzori,Jammu and Kashmir,Adventure,8.59789687012441,Apr-Jun,,,
,,256.0,,,,,,,,,Murchison Falls,Masindi,Historical,8.403655361533389,Nov-Feb,,,
,,257.0,,,,,,,,,Zanzibar Beaches,Zanzibar,Beach,8.284116199094758,Nov-Mar,,,
213.0,218.0,258.0,2024-03-20,1.0,Saanvi,saanvi@example.com,"Nature, Adventure",Female,2.0,2.0,Kampala City,Kampala,City,7.617165381372276,Oct-Mar,,,
510.0,343.0,258.0,2024-03-20,1.0,Saanvi,saanvi@example.com,"Beaches, Historical",Female,2.0,1.0,Kampala City,Kampala,City,7.617165381372276,Oct-Mar,,,
709.0,166.0,259.0,2024-01-01,5.0,Hitesh,hitesh@example.com,"Beaches, Historical",Male,2.0,0.0,Lake Bunyonyi,Kabale,Nature,8.382675748307422,Sep-Mar,,,
578.0,868.0,259.0,2024-02-15,5.0,Pooja,pooja@example.com,"Beaches, Historical",Female,2.0,0.0,Lake Bunyonyi,Kabale,Nature,8.382675748307422,Sep-Mar,,,
781.0,992.0,259.0,2024-01-01,1.0,Karan,karan@example.com,"Nature, Adventure",Male,1.0,2.0,Lake Bunyonyi,Kabale,Nature,8.382675748307422,Sep-Mar,,,
,,260.0,,,,,,,,,Mount Rwenzori,Jammu and Kashmir,Adventure,7.917003558302456,Apr-Jun,,,
958.0,352.0,261.0,2024-01-01,2.0,Kavya,kavya@example.com,"Beaches, Historical",Female,1.0,0.0,Murchison Falls,Masindi,Historical,8.083688761192684,Nov-Feb,,,
424.0,835.0,261.0,2024-01-01,2.0,Meera,meera@example.com,"Beaches, Historical",Female,2.0,2.0,Murchison Falls,Masindi,Historical,8.083688761192684,Nov-Feb,,,
947.0,364.0,262.0,2024-02-15,4.0,Aanya,aanya@example.com,"Beaches, Historical",Female,2.0,2.0,Zanzibar Beaches,Zanzibar,Beach,7.758783397757156,Nov-Mar,,,
399.0,368.0,263.0,2024-03-20,3.0,Ritvik,ritvik@example.com,"Nature, Adventure",Male,1.0,0.0,Kampala City,Kampala,City,9.407835019184882,Oct-Mar,,,
,,264.0,,,,,,,,,Lake Bunyonyi,Kabale,Nature,8.025088514803304,Sep-Mar,,,
508.0,482.0,265.0,2024-01-01,3.0,Isha,isha@example.com,"Nature, Adventure",Female,2.0,0.0,Mount Rwenzori,Jammu and Kashmir,Adventure,9.1417227262193,Apr-Jun,,,
153.0,851.0,266.0,2024-03-20,4.0,Anika,anika@example.com,"Nature, Adventure",Female,2.0,0.0,Murchison Falls,Masindi,Historical,8.91877315803813,Nov-Feb,,,
,,267.0,,,,,,,,,Zanzibar Beaches,Zanzibar,Beach,8.813848708103913,Nov-Mar,,,
835.0,535.0,268.0,2024-01-01,1.0,Aanya,aanya@example.com,"Beaches, Historical",Female,1.0,2.0,Kampala City,Kampala,City,8.015626863328043,Oct-Mar,,,
702.0,800.0,269.0,2024-03-20,1.0,Anika,anika@example.com,"Nature, Adventure",Female,1.0,2.0,Lake Bunyonyi,Kabale,Nature,7.588087849193326,Sep-Mar,,,
730.0,970.0,270.0,2024-01-01,5.0,Tanvi,tanvi@example.com,"Beaches, Historical",Female,1.0,0.0,Mount Rwenzori,Jammu and Kashmir,Adventure,8.434929744953086,Apr-Jun,,,
374.0,55.0,271.0,2024-02-15,4.0,Aanya,aanya@example.com,"Beaches, Historical",Female,2.0,0.0,Murchison Falls,Masindi,Historical,9.23228996203718,Nov-Feb,,,
199.0,24.0,272.0,2024-01-01,4.0,Karan,karan@example.com,"City, Historical",Male,1.0,2.0,Zanzibar Beaches,Zanzibar,Beach,7.935193696560209,Nov-Mar,,,
795.0,220.0,273.0,2024-03-20,5.0,Aanya,aanya@example.com,"Beaches, Historical",Female,2.0,0.0,Kampala City,Kampala,City,9.324373462793442,Oct-Mar,,,
573.0,474.0,273.0,2024-03-20,4.0,Ritvik,ritvik@example.com,"City, Historical",Male,2.0,2.0,Kampala City,Kampala,City,9.324373462793442,Oct-Mar,,,
930.0,302.0,274.0,2024-03-20,2.0,Ishaan,ishaan@example.com,"Nature, Adventure",Male,1.0,2.0,Lake Bunyonyi,Kabale,Nature,7.777024607207728,Sep-Mar,,,
342.0,416.0,274.0,2024-03-20,3.0,Diya,diya@example.com,"Nature, Adventure",Female,2.0,0.0,Lake Bunyonyi,Kabale,Nature,7.777024607207728,Sep-Mar,,,
,,275.0,,,,,,,,,Mount Rwenzori,Jammu and Kashmir,Adventure,8.388578037562013,Apr-Jun,,,
,,276.0,,,,,,,,,Murchison Falls,Masindi,Historical,7.591070676890291,Nov-Feb,,,
241.0,594.0,277.0,2024-01-01,1.0,Tanvi,tanvi@example.com,"City, Historical",Female,1.0,0.0,Zanzibar Beaches,Zanzibar,Beach,8.694303252963497,Nov-Mar,,,
330.0,263.0,278.0,2024-03-20,2.0,Ishaan,ishaan@example.com,"Nature, Adventure",Male,1.0,1.0,Kampala City,Kampala,City,9.120385789350228,Oct-Mar,,,
,,279.0,,,,,,,,,Lake Bunyonyi,Kabale,Nature,7.841206949727761,Sep-Mar,,,
757.0,94.0,280.0,2024-01-01,1.0,Rohan,rohan@example.com,"Beaches, Historical",Male,1.0,2.0,Mount Rwenzori,Jammu and Kashmir,Adventure,7.639341731351649,Apr-Jun,,,
174.0,235.0,281.0,2024-03-20,1.0,Dhruv,dhruv@example.com,"Beaches, Historical",Male,1.0,2.0,Murchison Falls,Masindi,Historical,9.43086446632471,Nov-Feb,,,
385.0,684.0,281.0,2024-01-01,2.0,Aditya,aditya@example.com,"City, Historical",Male,1.0,0.0,Murchison Falls,Masindi,Historical,9.43086446632471,Nov-Feb,,,
188.0,742.0,281.0,2024-02-15,5.0,Aanya,aanya@example.com,"Beaches, Historical",Female,2.0,1.0,Murchison Falls,Masindi,Historical,9.43086446632471,Nov-Feb,,,
161.0,539.0,282.0,2024-02-15,4.0,Aarav,aarav@example.com,"Nature, Adventure",Male,1.0,2.0,Zanzibar Beaches,Zanzibar,Beach,8.888987617087139,Nov-Mar,,,
,,283.0,,,,,,,,,Kampala City,Kampala,City,8.219242611520933,Oct-Mar,,,
41.0,781.0,284.0,2024-02-15,3.0,Anika,anika@example.com,"Beaches, Historical",Female,1.0,0.0,Lake Bunyonyi,Kabale,Nature,9.01486652208098,Sep-Mar,,,
910.0,897.0,284.0,2024-01-01,2.0,Pooja,pooja@example.com,"City, Historical",Female,1.0,2.0,Lake Bunyonyi,Kabale,Nature,9.01486652208098,Sep-Mar,,,
403.0,594.0,285.0,2024-01-01,1.0,Tanvi,tanvi@example.com,"City, Historical",Female,1.0,0.0,Mount Rwenzori,Jammu and Kashmir,Adventure,8.992391383757372,Apr-Jun,,,
,,286.0,,,,,,,,,Murchison Falls,Masindi,Historical,9.362001470283614,Nov-Feb,,,
637.0,448.0,287.0,2024-01-01,2.0,Ritvik,ritvik@example.com,"Beaches, Historical",Male,1.0,0.0,Zanzibar Beaches,Zanzibar,Beach,9.171525350501778,Nov-Mar,,,
286.0,537.0,287.0,2024-01-01,1.0,Hitesh,hitesh@example.com,"City, Historical",Male,2.0,0.0,Zanzibar Beaches,Zanzibar,Beach,9.171525350501778,Nov-Mar,,,
740.0,837.0,287.0,2024-02-15,3.0,Meera,meera@example.com,"City, Historical",Female,2.0,2.0,Zanzibar Beaches,Zanzibar,Beach,9.171525350501778,Nov-Mar,,,
434.0,673.0,288.0,2024-02-15,1.0,Anika,anika@example.com,"Beaches, Historical",Female,2.0,2.0,Kampala City,Kampala,City,8.1727822883656,Oct-Mar,,,
310.0,942.0,289.0,2024-01-01,3.0,Vivaan,vivaan@example.com,"City, Historical",Male,1.0,0.0,Lake Bunyonyi,Kabale,Nature,7.844009444111711,Sep-Mar,,,
259.0,368.0,290.0,2024-01-01,5.0,Ritvik,ritvik@example.com,"Nature, Adventure",Male,1.0,0.0,Mount Rwenzori,Jammu and Kashmir,Adventure,7.934186545996741,Apr-Jun,,,
811.0,386.0,290.0,2024-01-01,4.0,Hitesh,hitesh@example.com,"Nature, Adventure",Male,2.0,0.0,Mount Rwenzori,Jammu and Kashmir,Adventure,7.934186545996741,Apr-Jun,,,
190.0,247.0,291.0,2024-01-01,2.0,Pooja,pooja@example.com,"Beaches, Historical",Female,2.0,2.0,Murchison Falls,Masindi,Historical,8.571800372009168,Nov-Feb,,,
793.0,328.0,292.0,2024-01-01,1.0,Saanvi,saanvi@example.com,"Beaches, Historical",Female,2.0,0.0,Zanzibar Beaches,Zanzibar,Beach,8.259128922273915,Nov-Mar,,,
893.0,924.0,292.0,2024-02-15,1.0,Tanvi,tanvi@example.com,"City, Historical",Female,1.0,1.0,Zanzibar Beaches,Zanzibar,Beach,8.259128922273915,Nov-Mar,,,
,,293.0,,,,,,,,,Kampala City,Kampala,City,7.534360802624437,Oct-Mar,,,
845.0,811.0,294.0,2024-02-15,5.0,Rohan,rohan@example.com,"Beaches, Historical",Male,2.0,1.0,Lake Bunyonyi,Kabale,Nature,8.553046939554307,Sep-Mar,,,
616.0,674.0,295.0,2024-01-01,1.0,Aarav,aarav@example.com,"Nature, Adventure",Male,1.0,1.0,Mount Rwenzori,Jammu and Kashmir,Adventure,9.301807912303714,Apr-Jun,,,
516.0,992.0,296.0,2024-03-20,5.0,Karan,karan@example.com,"Nature, Adventure",Male,1.0,2.0,Murchison Falls,Masindi,Historical,8.01345163279451,Nov-Feb,,,
915.0,34.0,297.0,2024-03-20,1.0,Meera,meera@example.com,"Beaches, Historical",Female,1.0,2.0,Zanzibar Beaches,Zanzibar,Beach,7.633292996550987,Nov-Mar,,,
,,298.0,,,,,,,,,Kampala City,Kampala,City,8.804695152197962,Oct-Mar,,,
,,299.0,,,,,,,,,Lake Bunyonyi,Kabale,Nature,8.966364802325172,Sep-Mar,,,
,,300.0,,,,,,,,,Mount Rwenzori,Jammu and Kashmir,Adventure,7.799198881540521,Apr-Jun,,,
134.0,148.0,301.0,2024-02-15,2.0,Rohan,rohan@example.com,"Beaches, Historical",Male,2.0,1.0,Murchison Falls,Masindi,Historical,8.634308850859137,Nov-Feb,,,
766.0,168.0,301.0,2024-01-01,2.0,Riya,riya@example.com,"City, Historical",Female,1.0,2.0,Murchison Falls,Masindi,Historical,8.634308850859137,Nov-Feb,,,
555.0,210.0,301.0,2024-03-20,1.0,Rohan,rohan@example.com,"City, Historical",Male,1.0,1.0,Murchison Falls,Masindi,Historical,8.634308850859137,Nov-Feb,,,
830.0,254.0,301.0,2024-02-15,2.0,Riya,riya@example.com,"Nature, Adventure",Female,1.0,1.0,Murchison Falls,Masindi,Historical,8.634308850859137,Nov-Feb,,,
,,302.0,,,,,,,,,Zanzibar Beaches,Zanzibar,Beach,7.64928107708147,Nov-Mar,,,
75.0,328.0,303.0,2024-03-20,4.0,Saanvi,saanvi@example.com,"Beaches, Historical",Female,2.0,0.0,Kampala City,Kampala,City,9.356796584275807,Oct-Mar,,,
846.0,606.0,303.0,2024-03-20,3.0,Riya,riya@example.com,"City, Historical",Female,2.0,2.0,Kampala City,Kampala,City,9.356796584275807,Oct-Mar,,,
,,304.0,,,,,,,,,Lake Bunyonyi,Kabale,Nature,8.61120828898768,Sep-Mar,,,
515.0,137.0,305.0,2024-02-15,5.0,Tanvi,tanvi@example.com,"Nature, Adventure",Female,1.0,2.0,Mount Rwenzori,Jammu and Kashmir,Adventure,8.111872493591813,Apr-Jun,,,
884.0,706.0,306.0,2024-02-15,2.0,Kavya,kavya@example.com,"Beaches, Historical",Female,2.0,0.0,Murchison Falls,Masindi,Historical,8.4480644643696,Nov-Feb,,,
581.0,754.0,306.0,2024-02-15,2.0,Aditya,aditya@example.com,"Beaches, Historical",Male,2.0,2.0,Murchison Falls,Masindi,Historical,8.4480644643696,Nov-Feb,,,
357.0,696.0,307.0,2024-03-20,3.0,Hitesh,hitesh@example.com,"City, Historical",Male,1.0,1.0,Zanzibar Beaches,Zanzibar,Beach,8.41986035294417,Nov-Mar,,,
673.0,722.0,307.0,2024-01-01,1.0,Pooja,pooja@example.com,"Nature, Adventure",Female,1.0,0.0,Zanzibar Beaches,Zanzibar,Beach,8.41986035294417,Nov-Mar,,,
,,308.0,,,,,,,,,Kampala City,Kampala,City,8.122052827503532,Oct-Mar,,,
,,309.0,,,,,,,,,Lake Bunyonyi,Kabale,Nature,8.122685722841448,Sep-Mar,,,
20.0,76.0,310.0,2024-02-15,2.0,Anika,anika@example.com,"Beaches, Historical",Female,2.0,0.0,Mount Rwenzori,Jammu and Kashmir,Adventure,7.862071974081125,Apr-Jun,,,
472.0,20.0,311.0,2024-01-01,5.0,Meera,meera@example.com,"Nature, Adventure",Female,2.0,0.0,Murchison Falls,Masindi,Historical,8.093952306204637,Nov-Feb,,,
167.0,575.0,311.0,2024-02-15,2.0,Ritvik,ritvik@example.com,"Nature, Adventure",Male,1.0,2.0,Murchison Falls,Masindi,Historical,8.093952306204637,Nov-Feb,,,
,,312.0,,,,,,,,,Zanzibar Beaches,Zanzibar,Beach,7.923067612961262,Nov-Mar,,,
,,313.0,,,,,,,,,Kampala City,Kampala,City,8.160495549722198,Oct-Mar,,,
,,314.0,,,,,,,,,Lake Bunyonyi,Kabale,Nature,7.923207093856658,Sep-Mar,,,
440.0,73.0,315.0,2024-02-15,1.0,Aanya,aanya@example.com,"Beaches, Historical",Female,1.0,1.0,Mount Rwenzori,Jammu and Kashmir,Adventure,7.746686189763855,Apr-Jun,,,
938.0,485.0,315.0,2024-02-15,5.0,Aanya,aanya@example.com,"Nature, Adventure",Female,1.0,0.0,Mount Rwenzori,Jammu and Kashmir,Adventure,7.746686189763855,Apr-Jun,,,
151.0,874.0,315.0,2024-01-01,3.0,Hitesh,hitesh@example.com,"Beaches, Historical",Male,2.0,0.0,Mount Rwenzori,Jammu and Kashmir,Adventure,7.746686189763855,Apr-Jun,,,
679.0,902.0,316.0,2024-01-01,2.0,Anika,anika@example.com,"Nature, Adventure",Female,2.0,2.0,Murchison Falls,Masindi,Historical,8.03328074273946,Nov-Feb,,,
509.0,535.0,317.0,2024-02-15,4.0,Aanya,aanya@example.com,"Beaches, Historical",Female,1.0,2.0,Zanzibar Beaches,Zanzibar,Beach,8.61779577553025,Nov-Mar,,,
,,318.0,,,,,,,,,Kampala City,Kampala,City,7.79913244942954,Oct-Mar,,,
371.0,273.0,319.0,2024-02-15,3.0,Arjun,arjun@example.com,"City, Historical",Male,2.0,1.0,Lake Bunyonyi,Kabale,Nature,8.84963555984027,Sep-Mar,,,
87.0,60.0,320.0,2024-03-20,4.0,Hitesh,hitesh@example.com,"City, Historical",Male,2.0,1.0,Mount Rwenzori,Jammu and Kashmir,Adventure,8.353685271308148,Apr-Jun,,,
,,321.0,,,,,,,,,Murchison Falls,Masindi,Historical,9.146376228258996,Nov-Feb,,,
615.0,668.0,322.0,2024-03-20,4.0,Dhruv,dhruv@example.com,"Nature, Adventure",Male,2.0,0.0,Zanzibar Beaches,Zanzibar,Beach,7.875971584786738,Nov-Mar,,,
,,323.0,,,,,,,,,Kampala City,Kampala,City,8.130587468948864,Oct-Mar,,,
459.0,743.0,324.0,2024-03-20,1.0,Riya,riya@example.com,"Nature, Adventure",Female,1.0,2.0,Lake Bunyonyi,Kabale,Nature,7.662104838922936,Sep-Mar,,,
,,325.0,,,,,,,,,Mount Rwenzori,Jammu and Kashmir,Adventure,7.767402106418881,Apr-Jun,,,
956.0,574.0,326.0,2024-02-15,2.0,Aarav,aarav@example.com,"Beaches, Historical",Male,1.0,2.0,Murchison Falls,Masindi,Historical,8.206421939119537,Nov-Feb,,,
289.0,444.0,327.0,2024-01-01,2.0,Riya,riya@example.com,"City, Historical",Female,1.0,0.0,Zanzibar Beaches,Zanzibar,Beach,8.382390141309063,Nov-Mar,,,
388.0,701.0,327.0,2024-01-01,5.0,Riya,riya@example.com,"Nature, Adventure",Female,2.0,1.0,Zanzibar Beaches,Zanzibar,Beach,8.382390141309063,Nov-Mar,,,
,,328.0,,,,,,,,,Kampala City,Kampala,City,8.631489840212462,Oct-Mar,,,
88.0,461.0,329.0,2024-01-01,1.0,Saanvi,saanvi@example.com,"Nature, Adventure",Female,1.0,0.0,Lake Bunyonyi,Kabale,Nature,8.214897900478032,Sep-Mar,,,
311.0,128.0,330.0,2024-02-15,3.0,Rohan,rohan@example.com,"Nature, Adventure",Male,2.0,2.0,Mount Rwenzori,Jammu and Kashmir,Adventure,7.63573528781037,Apr-Jun,,,
827.0,875.0,330.0,2024-02-15,2.0,Hitesh,hitesh@example.com,"Nature, Adventure",Male,2.0,0.0,Mount Rwenzori,Jammu and Kashmir,Adventure,7.63573528781037,Apr-Jun,,,
68.0,906.0,330.0,2024-02-15,4.0,Arjun,arjun@example.com,"City, Historical",Male,1.0,1.0,Mount Rwenzori,Jammu and Kashmir,Adventure,7.63573528781037,Apr-Jun,,,
660.0,168.0,331.0,2024-03-20,5.0,Riya,riya@example.com,"City, Historical",Female,1.0,2.0,Murchison Falls,Masindi,Historical,9.082935360672389,Nov-Feb,,,
,,332.0,,,,,,,,,Zanzibar Beaches,Zanzibar,Beach,8.942874660350423,Nov-Mar,,,
426.0,496.0,333.0,2024-03-20,1.0,Arjun,arjun@example.com,"Beaches, Historical",Male,1.0,1.0,Kampala City,Kampala,City,7.632343966795443,Oct-Mar,,,
,,334.0,,,,,,,,,Lake Bunyonyi,Kabale,Nature,8.710665370439624,Sep-Mar,,,
353.0,682.0,335.0,2024-02-15,2.0,Hitesh,hitesh@example.com,"Beaches, Historical",Male,2.0,0.0,Mount Rwenzori,Jammu and Kashmir,Adventure,9.310237104496576,Apr-Jun,,,
864.0,838.0,335.0,2024-03-20,1.0,Saanvi,saanvi@example.com,"Beaches, Historical",Female,2.0,2.0,Mount Rwenzori,Jammu and Kashmir,Adventure,9.310237104496576,Apr-Jun,,,
272.0,259.0,336.0,2024-02-15,4.0,Vivaan,vivaan@example.com,"Beaches, Historical",Male,1.0,0.0,Murchison Falls,Masindi,Historical,9.26879230848542,Nov-Feb,,,
,,337.0,,,,,,,,,Zanzibar Beaches,Zanzibar,Beach,8.576362703436722,Nov-Mar,,,
,,338.0,,,,,,,,,Kampala City,Kampala,City,8.139654822360953,Oct-Mar,,,
67.0,61.0,339.0,2024-01-01,5.0,Dhruv,dhruv@example.com,"Beaches, Historical",Male,2.0,2.0,Lake Bunyonyi,Kabale,Nature,8.568613099478302,Sep-Mar,,,
484.0,293.0,339.0,2024-01-01,4.0,Kavya,kavya@example.com,"Nature, Adventure",Female,1.0,0.0,Lake Bunyonyi,Kabale,Nature,8.568613099478302,Sep-Mar,,,
577.0,13.0,340.0,2024-01-01,5.0,Dhruv,dhruv@example.com,"Beaches, Historical",Male,1.0,2.0,Mount Rwenzori,Jammu and Kashmir,Adventure,9.051578730223218,Apr-Jun,,,
89.0,594.0,340.0,2024-02-15,3.0,Tanvi,tanvi@example.com,"City, Historical",Female,1.0,0.0,Mount Rwenzori,Jammu and Kashmir,Adventure,9.051578730223218,Apr-Jun,,,
,,341.0,,,,,,,,,Murchison Falls,Masindi,Historical,8.408281456588794,Nov-Feb,,,
,,342.0,,,,,,,,,Zanzibar Beaches,Zanzibar,Beach,9.379923842860553,Nov-Mar,,,
,,343.0,,,,,,,,,Kampala City,Kampala,City,7.873481445510227,Oct-Mar,,,
920.0,755.0,344.0,2024-02-15,2.0,Arjun,arjun@example.com,"Nature, Adventure",Male,2.0,2.0,Lake Bunyonyi,Kabale,Nature,9.162324692301334,Sep-Mar,,,
,,345.0,,,,,,,,,Mount Rwenzori,Jammu and Kashmir,Adventure,9.315488065792977,Apr-Jun,,,
361.0,844.0,346.0,2024-01-01,3.0,Aditya,aditya@example.com,"Beaches, Historical",Male,2.0,1.0,Murchison Falls,Masindi,Historical,8.969950615777162,Nov-Feb,,,
955.0,936.0,346.0,2024-01-01,4.0,Aditya,aditya@example.com,"City, Historical",Male,1.0,0.0,Murchison Falls,Masindi,Historical,8.969950615777162,Nov-Feb,,,
379.0,991.0,346.0,2024-01-01,1.0,Tanvi,tanvi@example.com,"Beaches, Historical",Female,1.0,1.0,Murchison Falls,Masindi,Historical,8.969950615777162,Nov-Feb,,,
761.0,336.0,347.0,2024-02-15,2.0,Ritvik,ritvik@example.com,"City, Historical",Male,2.0,1.0,Zanzibar Beaches,Zanzibar,Beach,7.920959927553192,Nov-Mar,,,
552.0,122.0,348.0,2024-03-20,1.0,Ishaan,ishaan@example.com,"Nature, Adventure",Male,2.0,2.0,Kampala City,Kampala,City,8.013552975522641,Oct-Mar,,,
51.0,296.0,348.0,2024-03-20,5.0,Vivaan,vivaan@example.com,"Nature, Adventure",Male,1.0,0.0,Kampala City,Kampala,City,8.013552975522641,Oct-Mar,,,
988.0,564.0,348.0,2024-01-01,2.0,Vivaan,vivaan@example.com,"City, Historical",Male,2.0,0.0,Kampala City,Kampala,City,8.013552975522641,Oct-Mar,,,
529.0,560.0,349.0,2024-01-01,4.0,Tanvi,tanvi@example.com,"Nature, Adventure",Female,1.0,1.0,Lake Bunyonyi,Kabale,Nature,8.18621530520951,Sep-Mar,,,
486.0,936.0,350.0,2024-03-20,1.0,Aditya,aditya@example.com,"City, Historical",Male,1.0,0.0,Mount Rwenzori,Jammu and Kashmir,Adventure,7.950916521545693,Apr-Jun,,,
,,351.0,,,,,,,,,Murchison Falls,Masindi,Historical,8.488999182063221,Nov-Feb,,,
435.0,527.0,352.0,2024-03-20,1.0,Karan,karan@example.com,"Nature, Adventure",Male,1.0,2.0,Zanzibar Beaches,Zanzibar,Beach,7.946596794608405,Nov-Mar,,,
450.0,359.0,353.0,2024-03-20,4.0,Ishaan,ishaan@example.com,"Nature, Adventure",Male,2.0,1.0,Kampala City,Kampala,City,9.29747082018926,Oct-Mar,,,
819.0,206.0,354.0,2024-03-20,2.0,Riya,riya@example.com,"Nature, Adventure",Female,2.0,1.0,Lake Bunyonyi,Kabale,Nature,7.760694703272286,Sep-Mar,,,
727.0,961.0,355.0,2024-01-01,2.0,Isha,isha@example.com,"Beaches, Historical",Female,1.0,2.0,Mount Rwenzori,Jammu and Kashmir,Adventure,8.057546789498799,Apr-Jun,,,
483.0,721.0,356.0,2024-03-20,4.0,Ritvik,ritvik@example.com,"Beaches, Historical",Male,2.0,1.0,Murchison Falls,Masindi,Historical,8.606176983767309,Nov-Feb,,,
805.0,106.0,357.0,2024-01-01,2.0,Ishaan,ishaan@example.com,"Beaches, Historical",Male,1.0,0.0,Zanzibar Beaches,Zanzibar,Beach,8.314502184896275,Nov-Mar,,,
321.0,209.0,357.0,2024-03-20,4.0,Hitesh,hitesh@example.com,"Nature, Adventure",Male,1.0,1.0,Zanzibar Beaches,Zanzibar,Beach,8.314502184896275,Nov-Mar,,,
,,358.0,,,,,,,,,Kampala City,Kampala,City,7.738761292909418,Oct-Mar,,,
996.0,634.0,359.0,2024-03-20,3.0,Dhruv,dhruv@example.com,"Beaches, Historical",Male,2.0,2.0,Lake Bunyonyi,Kabale,Nature,7.832207353651939,Sep-Mar,,,
652.0,82.0,360.0,2024-01-01,4.0,Ishaan,ishaan@example.com,"Beaches, Historical",Male,2.0,0.0,Mount Rwenzori,Jammu and Kashmir,Adventure,8.117132891287836,Apr-Jun,,,
267.0,247.0,361.0,2024-03-20,4.0,Pooja,pooja@example.com,"Beaches, Historical",Female,2.0,2.0,Murchison Falls,Masindi,Historical,8.134764369094412,Nov-Feb,,,
458.0,534.0,361.0,2024-02-15,2.0,Aanya,aanya@example.com,"City, Historical",Female,1.0,1.0,Murchison Falls,Masindi,Historical,8.134764369094412,Nov-Feb,,,
715.0,834.0,361.0,2024-01-01,5.0,Vivaan,vivaan@example.com,"City, Historical",Male,2.0,1.0,Murchison Falls,Masindi,Historical,8.134764369094412,Nov-Feb,,,
,,362.0,,,,,,,,,Zanzibar Beaches,Zanzibar,Beach,8.908499371844,Nov-Mar,,,
398.0,800.0,363.0,2024-02-15,3.0,Anika,anika@example.com,"Nature, Adventure",Female,1.0,2.0,Kampala City,Kampala,City,8.857005319987184,Oct-Mar,,,
,,364.0,,,,,,,,,Lake Bunyonyi,Kabale,Nature,8.029543990563425,Sep-Mar,,,
695.0,778.0,365.0,2024-02-15,1.0,Anika,anika@example.com,"Beaches, Historical",Female,1.0,0.0,Mount Rwenzori,Jammu and Kashmir,Adventure,8.878382688353271,Apr-Jun,,,
381.0,117.0,366.0,2024-03-20,1.0,Aarav,aarav@example.com,"City, Historical",Male,2.0,1.0,Murchison Falls,Masindi,Historical,9.266030293290664,Nov-Feb,,,
277.0,647.0,366.0,2024-01-01,3.0,Riya,riya@example.com,"Nature, Adventure",Female,2.0,1.0,Murchison Falls,Masindi,Historical,9.266030293290664,Nov-Feb,,,
733.0,531.0,367.0,2024-01-01,4.0,Aanya,aanya@example.com,"City, Historical",Female,1.0,1.0,Zanzibar Beaches,Zanzibar,Beach,8.445148546462805,Nov-Mar,,,
634.0,148.0,368.0,2024-01-01,4.0,Rohan,rohan@example.com,"Beaches, Historical",Male,2.0,1.0,Kampala City,Kampala,City,8.00825181627746,Oct-Mar,,,
957.0,497.0,369.0,2024-03-20,2.0,Aarav,aarav@example.com,"Nature, Adventure",Male,2.0,1.0,Lake Bunyonyi,Kabale,Nature,7.526677667953975,Sep-Mar,,,
937.0,737.0,369.0,2024-01-01,1.0,Isha,isha@example.com,"Nature, Adventure",Female,1.0,2.0,Lake Bunyonyi,Kabale,Nature,7.526677667953975,Sep-Mar,,,
,,370.0,,,,,,,,,Mount Rwenzori,Jammu and Kashmir,Adventure,8.35737821975577,Apr-Jun,,,
92.0,855.0,371.0,2024-02-15,5.0,Pooja,pooja@example.com,"City, Historical",Female,1.0,1.0,Murchison Falls,Masindi,Historical,8.32089647558579,Nov-Feb,,,
406.0,318.0,372.0,2024-01-01,3.0,Diya,diya@example.com,"City, Historical",Female,2.0,0.0,Zanzibar Beaches,Zanzibar,Beach,7.824610910350504,Nov-Mar,,,
842.0,600.0,372.0,2024-02-15,5.0,Kavya,kavya@example.com,"City, Historical",Female,2.0,1.0,Zanzibar Beaches,Zanzibar,Beach,7.824610910350504,Nov-Mar,,,
664.0,418.0,373.0,2024-01-01,4.0,Pooja,pooja@example.com,"Beaches, Historical",Female,1.0,2.0,Kampala City,Kampala,City,9.276956975859664,Oct-Mar,,,
832.0,393.0,374.0,2024-01-01,5.0,Meera,meera@example.com,"City, Historical",Female,2.0,1.0,Lake Bunyonyi,Kabale,Nature,9.27098132194643,Sep-Mar,,,
587.0,915.0,374.0,2024-02-15,1.0,Ishaan,ishaan@example.com,"City, Historical",Male,1.0,0.0,Lake Bunyonyi,Kabale,Nature,9.27098132194643,Sep-Mar,,,
,,375.0,,,,,,,,,Mount Rwenzori,Jammu and Kashmir,Adventure,8.44823537077092,Apr-Jun,,,
,,376.0,,,,,,,,,Murchison Falls,Masindi,Historical,9.483879397405463,Nov-Feb,,,
534.0,458.0,377.0,2024-03-20,2.0,Vivaan,vivaan@example.com,"Nature, Adventure",Male,1.0,2.0,Zanzibar Beaches,Zanzibar,Beach,7.92228615054826,Nov-Mar,,,
897.0,681.0,378.0,2024-03-20,2.0,Aanya,aanya@example.com,"City, Historical",Female,1.0,2.0,Kampala City,Kampala,City,9.36474701059834,Oct-Mar,,,
,,379.0,,,,,,,,,Lake Bunyonyi,Kabale,Nature,7.710901822596214,Sep-Mar,,,
270.0,790.0,380.0,2024-03-20,3.0,Hitesh,hitesh@example.com,"Beaches, Historical",Male,1.0,0.0,Mount Rwenzori,Jammu and Kashmir,Adventure,8.658172608842527,Apr-Jun,,,
329.0,390.0,381.0,2024-02-15,5.0,Arjun,arjun@example.com,"City, Historical",Male,2.0,1.0,Murchison Falls,Masindi,Historical,9.30052503102598,Nov-Feb,,,
640.0,774.0,381.0,2024-01-01,2.0,Rohan,rohan@example.com,"City, Historical",Male,1.0,2.0,Murchison Falls,Masindi,Historical,9.30052503102598,Nov-Feb,,,
,,382.0,,,,,,,,,Zanzibar Beaches,Zanzibar,Beach,8.487140997084705,Nov-Mar,,,
200.0,88.0,383.0,2024-02-15,2.0,Dhruv,dhruv@example.com,"Beaches, Historical",Male,2.0,1.0,Kampala City,Kampala,City,8.70695511642636,Oct-Mar,,,
631.0,384.0,383.0,2024-01-01,3.0,Arjun,arjun@example.com,"City, Historical",Male,1.0,2.0,Kampala City,Kampala,City,8.70695511642636,Oct-Mar,,,
843.0,851.0,384.0,2024-03-20,4.0,Anika,anika@example.com,"Nature, Adventure",Female,2.0,0.0,Lake Bunyonyi,Kabale,Nature,8.63256261554465,Sep-Mar,,,
31.0,2.0,385.0,2024-01-01,5.0,Rohan,rohan@example.com,"Nature, Adventure",Male,2.0,2.0,Mount Rwenzori,Jammu and Kashmir,Adventure,8.051203902011398,Apr-Jun,,,
520.0,597.0,386.0,2024-01-01,5.0,Aanya,aanya@example.com,"City, Historical",Female,1.0,0.0,Murchison Falls,Masindi,Historical,9.46333200145262,Nov-Feb,,,
214.0,745.0,386.0,2024-01-01,3.0,Saanvi,saanvi@example.com,"Beaches, Historical",Female,1.0,2.0,Murchison Falls,Masindi,Historical,9.46333200145262,Nov-Feb,,,
688.0,188.0,387.0,2024-01-01,5.0,Kavya,kavya@example.com,"Nature, Adventure",Female,1.0,0.0,Zanzibar Beaches,Zanzibar,Beach,8.763403696969464,Nov-Mar,,,
98.0,556.0,387.0,2024-02-15,2.0,Aditya,aditya@example.com,"Beaches, Historical",Male,1.0,0.0,Zanzibar Beaches,Zanzibar,Beach,8.763403696969464,Nov-Mar,,,
362.0,690.0,388.0,2024-02-15,2.0,Rohan,rohan@example.com,"City, Historical",Male,2.0,2.0,Kampala City,Kampala,City,9.151665484353009,Oct-Mar,,,
639.0,191.0,389.0,2024-03-20,1.0,Karan,karan@example.com,"Nature, Adventure",Male,2.0,1.0,Lake Bunyonyi,Kabale,Nature,9.40914617773771,Sep-Mar,,,
149.0,480.0,389.0,2024-02-15,1.0,Riya,riya@example.com,"City, Historical",Female,2.0,0.0,Lake Bunyonyi,Kabale,Nature,9.40914617773771,Sep-Mar,,,
675.0,520.0,389.0,2024-03-20,4.0,Isha,isha@example.com,"Beaches, Historical",Female,2.0,0.0,Lake Bunyonyi,Kabale,Nature,9.40914617773771,Sep-Mar,,,
236.0,846.0,389.0,2024-02-15,2.0,Vivaan,vivaan@example.com,"City, Historical",Male,1.0,2.0,Lake Bunyonyi,Kabale,Nature,9.40914617773771,Sep-Mar,,,
5.0,989.0,389.0,2024-02-15,4.0,Ritvik,ritvik@example.com,"Nature, Adventure",Male,2.0,1.0,Lake Bunyonyi,Kabale,Nature,9.40914617773771,Sep-Mar,,,
828.0,799.0,390.0,2024-03-20,4.0,Riya,riya@example.com,"Beaches, Historical",Female,1.0,2.0,Mount Rwenzori,Jammu and Kashmir,Adventure,8.854728503825909,Apr-Jun,,,
113.0,944.0,391.0,2024-02-15,4.0,Riya,riya@example.com,"Nature, Adventure",Female,2.0,0.0,Murchison Falls,Masindi,Historical,8.937176476917816,Nov-Feb,,,
892.0,169.0,392.0,2024-01-01,1.0,Anika,anika@example.com,"Beaches, Historical",Female,2.0,2.0,Zanzibar Beaches,Zanzibar,Beach,8.65903274744209,Nov-Mar,,,
623.0,985.0,393.0,2024-02-15,4.0,Aditya,aditya@example.com,"Beaches, Historical",Male,1.0,1.0,Kampala City,Kampala,City,8.429521721872453,Oct-Mar,,,
528.0,184.0,394.0,2024-03-20,3.0,Ishaan,ishaan@example.com,"Beaches, Historical",Male,1.0,2.0,Lake Bunyonyi,Kabale,Nature,8.884525796968724,Sep-Mar,,,
6.0,266.0,394.0,2024-03-20,3.0,Vivaan,vivaan@example.com,"Nature, Adventure",Male,2.0,1.0,Lake Bunyonyi,Kabale,Nature,8.884525796968724,Sep-Mar,,,
45.0,631.0,394.0,2024-03-20,2.0,Riya,riya@example.com,"Beaches, Historical",Female,1.0,2.0,Lake Bunyonyi,Kabale,Nature,8.884525796968724,Sep-Mar,,,
265.0,798.0,394.0,2024-01-01,3.0,Rohan,rohan@example.com,"City, Historical",Male,2.0,1.0,Lake Bunyonyi,Kabale,Nature,8.884525796968724,Sep-Mar,,,
735.0,228.0,395.0,2024-03-20,1.0,Kavya,kavya@example.com,"City, Historical",Female,1.0,0.0,Mount Rwenzori,Jammu and Kashmir,Adventure,8.879069809066051,Apr-Jun,,,
344.0,708.0,395.0,2024-02-15,2.0,Dhruv,dhruv@example.com,"City, Historical",Male,1.0,1.0,Mount Rwenzori,Jammu and Kashmir,Adventure,8.879069809066051,Apr-Jun,,,
63.0,977.0,395.0,2024-03-20,3.0,Vivaan,vivaan@example.com,"Nature, Adventure",Male,1.0,1.0,Mount Rwenzori,Jammu and Kashmir,Adventure,8.879069809066051,Apr-Jun,,,
658.0,197.0,396.0,2024-01-01,4.0,Anika,anika@example.com,"Nature, Adventure",Female,1.0,1.0,Murchison Falls,Masindi,Historical,9.113864702192004,Nov-Feb,,,
982.0,199.0,396.0,2024-01-01,3.0,Vivaan,vivaan@example.com,"Beaches, Historical",Male,1.0,0.0,Murchison Falls,Masindi,Historical,9.113864702192004,Nov-Feb,,,
466.0,434.0,396.0,2024-01-01,1.0,Tanvi,tanvi@example.com,"Nature, Adventure",Female,2.0,2.0,Murchison Falls,Masindi,Historical,9.113864702192004,Nov-Feb,,,
58.0,809.0,396.0,2024-01-01,1.0,Rohan,rohan@example.com,"Nature, Adventure",Male,1.0,2.0,Murchison Falls,Masindi,Historical,9.113864702192004,Nov-Feb,,,
,,397.0,,,,,,,,,Zanzibar Beaches,Zanzibar,Beach,8.739477476072606,Nov-Mar,,,
724.0,98.0,398.0,2024-01-01,1.0,Arjun,arjun@example.com,"Nature, Adventure",Male,2.0,0.0,Kampala City,Kampala,City,8.33295003386784,Oct-Mar,,,
844.0,378.0,398.0,2024-01-01,2.0,Isha,isha@example.com,"City, Historical",Female,2.0,1.0,Kampala City,Kampala,City,8.33295003386784,Oct-Mar,,,
130.0,129.0,399.0,2024-01-01,2.0,Aarav,aarav@example.com,"City, Historical",Male,2.0,1.0,Lake Bunyonyi,Kabale,Nature,8.376325562448297,Sep-Mar,,,
,,400.0,,,,,,,,,Mount Rwenzori,Jammu and Kashmir,Adventure,9.120122756229376,Apr-Jun,,,
144.0,750.0,401.0,2024-03-20,2.0,Hitesh,hitesh@example.com,"City, Historical",Male,1.0,2.0,Murchison Falls,Masindi,Historical,8.033376557417458,Nov-Feb,,,
135.0,119.0,402.0,2024-03-20,4.0,Ritvik,ritvik@example.com,"Nature, Adventure",Male,2.0,0.0,Zanzibar Beaches,Zanzibar,Beach,8.050919516333472,Nov-Mar,,,
331.0,408.0,403.0,2024-01-01,2.0,Ishaan,ishaan@example.com,"City, Historical",Male,2.0,0.0,Kampala City,Kampala,City,8.578600554982318,Oct-Mar,,,
126.0,563.0,403.0,2024-03-20,3.0,Karan,karan@example.com,"Nature, Adventure",Male,2.0,2.0,Kampala City,Kampala,City,8.578600554982318,Oct-Mar,,,
467.0,707.0,404.0,2024-02-15,2.0,Pooja,pooja@example.com,"Nature, Adventure",Female,2.0,0.0,Lake Bunyonyi,Kabale,Nature,9.28938699420442,Sep-Mar,,,
228.0,799.0,404.0,2024-03-20,4.0,Riya,riya@example.com,"Beaches, Historical",Female,1.0,2.0,Lake Bunyonyi,Kabale,Nature,9.28938699420442,Sep-Mar,,,
50.0,957.0,404.0,2024-02-15,1.0,Saanvi,saanvi@example.com,"City, Historical",Female,1.0,0.0,Lake Bunyonyi,Kabale,Nature,9.28938699420442,Sep-Mar,,,
249.0,109.0,405.0,2024-03-20,5.0,Meera,meera@example.com,"Beaches, Historical",Female,2.0,0.0,Mount Rwenzori,Jammu and Kashmir,Adventure,8.266309519533893,Apr-Jun,,,
798.0,542.0,405.0,2024-03-20,1.0,Pooja,pooja@example.com,"Nature, Adventure",Female,2.0,1.0,Mount Rwenzori,Jammu and Kashmir,Adventure,8.266309519533893,Apr-Jun,,,
,,406.0,,,,,,,,,Murchison Falls,Masindi,Historical,8.13824601276976,Nov-Feb,,,
,,407.0,,,,,,,,,Zanzibar Beaches,Zanzibar,Beach,8.685967653034197,Nov-Mar,,,
600.0,367.0,408.0,2024-03-20,3.0,Aanya,aanya@example.com,"Beaches, Historical",Female,1.0,0.0,Kampala City,Kampala,City,7.789753610332566,Oct-Mar,,,
911.0,376.0,408.0,2024-02-15,2.0,Kavya,kavya@example.com,"Beaches, Historical",Female,2.0,0.0,Kampala City,Kampala,City,7.789753610332566,Oct-Mar,,,
297.0,887.0,408.0,2024-03-20,3.0,Pooja,pooja@example.com,"Nature, Adventure",Female,1.0,0.0,Kampala City,Kampala,City,7.789753610332566,Oct-Mar,,,
933.0,734.0,409.0,2024-03-20,5.0,Ritvik,ritvik@example.com,"Nature, Adventure",Male,2.0,0.0,Lake Bunyonyi,Kabale,Nature,7.695324251011531,Sep-Mar,,,
30.0,421.0,410.0,2024-03-20,3.0,Saanvi,saanvi@example.com,"Beaches, Historical",Female,2.0,1.0,Mount Rwenzori,Jammu and Kashmir,Adventure,9.056239628784924,Apr-Jun,,,
837.0,821.0,410.0,2024-03-20,5.0,Arjun,arjun@example.com,"Nature, Adventure",Male,1.0,2.0,Mount Rwenzori,Jammu and Kashmir,Adventure,9.056239628784924,Apr-Jun,,,
350.0,864.0,410.0,2024-02-15,2.0,Riya,riya@example.com,"City, Historical",Female,2.0,2.0,Mount Rwenzori,Jammu and Kashmir,Adventure,9.056239628784924,Apr-Jun,,,
562.0,940.0,411.0,2024-01-01,5.0,Anika,anika@example.com,"Beaches, Historical",Female,1.0,1.0,Murchison Falls,Masindi,Historical,8.284126727805766,Nov-Feb,,,
,,412.0,,,,,,,,,Zanzibar Beaches,Zanzibar,Beach,8.056589740959444,Nov-Mar,,,
446.0,572.0,413.0,2024-02-15,5.0,Meera,meera@example.com,"Nature, Adventure",Female,2.0,2.0,Kampala City,Kampala,City,9.164900243709798,Oct-Mar,,,
409.0,653.0,413.0,2024-01-01,4.0,Aarav,aarav@example.com,"Nature, Adventure",Male,2.0,1.0,Kampala City,Kampala,City,9.164900243709798,Oct-Mar,,,
705.0,826.0,413.0,2024-03-20,4.0,Diya,diya@example.com,"Beaches, Historical",Female,2.0,0.0,Kampala City,Kampala,City,9.164900243709798,Oct-Mar,,,
373.0,919.0,413.0,2024-01-01,2.0,Aanya,aanya@example.com,"Beaches, Historical",Female,1.0,1.0,Kampala City,Kampala,City,9.164900243709798,Oct-Mar,,,
823.0,348.0,414.0,2024-01-01,1.0,Anika,anika@example.com,"City, Historical",Female,1.0,0.0,Lake Bunyonyi,Kabale,Nature,8.41852933200488,Sep-Mar,,,
,,415.0,,,,,,,,,Mount Rwenzori,Jammu and Kashmir,Adventure,8.650437608917823,Apr-Jun,,,
737.0,366.0,416.0,2024-02-15,1.0,Aanya,aanya@example.com,"City, Historical",Female,1.0,2.0,Murchison Falls,Masindi,Historical,9.327014780224204,Nov-Feb,,,
712.0,722.0,416.0,2024-01-01,2.0,Pooja,pooja@example.com,"Nature, Adventure",Female,1.0,0.0,Murchison Falls,Masindi,Historical,9.327014780224204,Nov-Feb,,,
568.0,214.0,417.0,2024-01-01,3.0,Aditya,aditya@example.com,"Beaches, Historical",Male,1.0,0.0,Zanzibar Beaches,Zanzibar,Beach,7.799317152894507,Nov-Mar,,,
175.0,402.0,417.0,2024-01-01,1.0,Dhruv,dhruv@example.com,"City, Historical",Male,2.0,0.0,Zanzibar Beaches,Zanzibar,Beach,7.799317152894507,Nov-Mar,,,
332.0,907.0,417.0,2024-02-15,3.0,Saanvi,saanvi@example.com,"Beaches, Historical",Female,2.0,2.0,Zanzibar Beaches,Zanzibar,Beach,7.799317152894507,Nov-Mar,,,
,,418.0,,,,,,,,,Kampala City,Kampala,City,8.571570122764205,Oct-Mar,,,
70.0,450.0,419.0,2024-01-01,5.0,Pooja,pooja@example.com,"City, Historical",Female,1.0,2.0,Lake Bunyonyi,Kabale,Nature,8.165654259803166,Sep-Mar,,,
24.0,752.0,420.0,2024-03-20,3.0,Vivaan,vivaan@example.com,"Nature, Adventure",Male,1.0,2.0,Mount Rwenzori,Jammu and Kashmir,Adventure,9.333012518480867,Apr-Jun,,,
544.0,3.0,421.0,2024-01-01,4.0,Kavya,kavya@example.com,"City, Historical",Female,2.0,0.0,Murchison Falls,Masindi,Historical,8.912423770627766,Nov-Feb,,,
852.0,60.0,421.0,2024-03-20,2.0,Hitesh,hitesh@example.com,"City, Historical",Male,2.0,1.0,Murchison Falls,Masindi,Historical,8.912423770627766,Nov-Feb,,,
243.0,878.0,421.0,2024-03-20,3.0,Meera,meera@example.com,"Nature, Adventure",Female,1.0,2.0,Murchison Falls,Masindi,Historical,8.912423770627766,Nov-Feb,,,
557.0,953.0,421.0,2024-02-15,2.0,Riya,riya@example.com,"Nature, Adventure",Female,1.0,1.0,Murchison Falls,Masindi,Historical,8.912423770627766,Nov-Feb,,,
800.0,793.0,422.0,2024-02-15,2.0,Ritvik,ritvik@example.com,"Beaches, Historical",Male,2.0,2.0,Zanzibar Beaches,Zanzibar,Beach,7.9629327439636866,Nov-Mar,,,
102.0,653.0,423.0,2024-03-20,5.0,Aarav,aarav@example.com,"Nature, Adventure",Male,2.0,1.0,Kampala City,Kampala,City,8.427042499188698,Oct-Mar,,,
978.0,322.0,424.0,2024-03-20,3.0,Aanya,aanya@example.com,"Beaches, Historical",Female,2.0,0.0,Lake Bunyonyi,Kabale,Nature,8.016517304482331,Sep-Mar,,,
333.0,343.0,424.0,2024-03-20,5.0,Saanvi,saanvi@example.com,"Beaches, Historical",Female,2.0,1.0,Lake Bunyonyi,Kabale,Nature,8.016517304482331,Sep-Mar,,,
647.0,870.0,424.0,2024-02-15,2.0,Diya,diya@example.com,"City, Historical",Female,2.0,2.0,Lake Bunyonyi,Kabale,Nature,8.016517304482331,Sep-Mar,,,
194.0,5.0,425.0,2024-02-15,3.0,Tanvi,tanvi@example.com,"Nature, Adventure",Female,2.0,2.0,Mount Rwenzori,Jammu and Kashmir,Adventure,7.677908499077882,Apr-Jun,,,
308.0,436.0,425.0,2024-02-15,1.0,Aanya,aanya@example.com,"Beaches, Historical",Female,1.0,2.0,Mount Rwenzori,Jammu and Kashmir,Adventure,7.677908499077882,Apr-Jun,,,
,,426.0,,,,,,,,,Murchison Falls,Masindi,Historical,7.742346085788473,Nov-Feb,,,
,,427.0,,,,,,,,,Zanzibar Beaches,Zanzibar,Beach,8.049399731297333,Nov-Mar,,,
127.0,805.0,428.0,2024-01-01,3.0,Ishaan,ishaan@example.com,"Beaches, Historical",Male,1.0,2.0,Kampala City,Kampala,City,9.229663135604667,Oct-Mar,,,
547.0,778.0,429.0,2024-01-01,5.0,Anika,anika@example.com,"Beaches, Historical",Female,1.0,0.0,Lake Bunyonyi,Kabale,Nature,8.186484600129791,Sep-Mar,,,
177.0,819.0,429.0,2024-03-20,1.0,Meera,meera@example.com,"City, Historical",Female,1.0,1.0,Lake Bunyonyi,Kabale,Nature,8.186484600129791,Sep-Mar,,,
476.0,891.0,430.0,2024-02-15,5.0,Karan,karan@example.com,"City, Historical",Male,1.0,1.0,Mount Rwenzori,Jammu and Kashmir,Adventure,7.528160810117106,Apr-Jun,,,
377.0,530.0,431.0,2024-02-15,4.0,Anika,anika@example.com,"Nature, Adventure",Female,2.0,0.0,Murchison Falls,Masindi,Historical,8.45973062297419,Nov-Feb,,,
922.0,381.0,432.0,2024-01-01,5.0,Meera,meera@example.com,"City, Historical",Female,2.0,0.0,Zanzibar Beaches,Zanzibar,Beach,8.839626409332572,Nov-Mar,,,
69.0,442.0,433.0,2024-03-20,3.0,Tanvi,tanvi@example.com,"Beaches, Historical",Female,1.0,0.0,Kampala City,Kampala,City,8.683728793384567,Oct-Mar,,,
470.0,586.0,433.0,2024-02-15,5.0,Ritvik,ritvik@example.com,"Beaches, Historical",Male,1.0,1.0,Kampala City,Kampala,City,8.683728793384567,Oct-Mar,,,
525.0,833.0,433.0,2024-03-20,1.0,Kavya,kavya@example.com,"Nature, Adventure",Female,2.0,1.0,Kampala City,Kampala,City,8.683728793384567,Oct-Mar,,,
419.0,642.0,434.0,2024-02-15,4.0,Aanya,aanya@example.com,"City, Historical",Female,1.0,1.0,Lake Bunyonyi,Kabale,Nature,8.707253748746416,Sep-Mar,,,
256.0,828.0,434.0,2024-01-01,2.0,Pooja,pooja@example.com,"City, Historical",Female,2.0,2.0,Lake Bunyonyi,Kabale,Nature,8.707253748746416,Sep-Mar,,,
512.0,401.0,435.0,2024-02-15,1.0,Aarav,aarav@example.com,"Nature, Adventure",Male,1.0,1.0,Mount Rwenzori,Jammu and Kashmir,Adventure,8.316001911390781,Apr-Jun,,,
490.0,338.0,436.0,2024-01-01,5.0,Rohan,rohan@example.com,"Nature, Adventure",Male,2.0,1.0,Murchison Falls,Masindi,Historical,7.728114076451941,Nov-Feb,,,
487.0,356.0,436.0,2024-01-01,2.0,Ishaan,ishaan@example.com,"Nature, Adventure",Male,1.0,1.0,Murchison Falls,Masindi,Historical,7.728114076451941,Nov-Feb,,,
189.0,904.0,436.0,2024-03-20,5.0,Rohan,rohan@example.com,"Beaches, Historical",Male,1.0,0.0,Murchison Falls,Masindi,Historical,7.728114076451941,Nov-Feb,,,
451.0,2.0,437.0,2024-01-01,2.0,Rohan,rohan@example.com,"Nature, Adventure",Male,2.0,2.0,Zanzibar Beaches,Zanzibar,Beach,7.987106149468621,Nov-Mar,,,
,,438.0,,,,,,,,,Kampala City,Kampala,City,8.465558405614521,Oct-Mar,,,
,,439.0,,,,,,,,,Lake Bunyonyi,Kabale,Nature,8.208388595361088,Sep-Mar,,,
,,440.0,,,,,,,,,Mount Rwenzori,Jammu and Kashmir,Adventure,8.224548104826292,Apr-Jun,,,
378.0,748.0,441.0,2024-03-20,2.0,Vivaan,vivaan@example.com,"Beaches, Historical",Male,2.0,0.0,Murchison Falls,Masindi,Historical,7.865953290683349,Nov-Feb,,,
890.0,813.0,441.0,2024-02-15,2.0,Aditya,aditya@example.com,"City, Historical",Male,1.0,2.0,Murchison Falls,Masindi,Historical,7.865953290683349,Nov-Feb,,,
,,442.0,,,,,,,,,Zanzibar Beaches,Zanzibar,Beach,8.459808776651839,Nov-Mar,,,
479.0,473.0,443.0,2024-02-15,5.0,Ishaan,ishaan@example.com,"Nature, Adventure",Male,2.0,2.0,Kampala City,Kampala,City,9.225300608752708,Oct-Mar,,,
,,444.0,,,,,,,,,Lake Bunyonyi,Kabale,Nature,8.308543307938688,Sep-Mar,,,
993.0,734.0,445.0,2024-03-20,4.0,Ritvik,ritvik@example.com,"Nature, Adventure",Male,2.0,0.0,Mount Rwenzori,Jammu and Kashmir,Adventure,7.845173227424654,Apr-Jun,,,
,,446.0,,,,,,,,,Murchison Falls,Masindi,Historical,8.09180966649682,Nov-Feb,,,
554.0,679.0,447.0,2024-02-15,5.0,Ishaan,ishaan@example.com,"Beaches, Historical",Male,2.0,1.0,Zanzibar Beaches,Zanzibar,Beach,8.888745118422108,Nov-Mar,,,
814.0,688.0,448.0,2024-01-01,4.0,Kavya,kavya@example.com,"Beaches, Historical",Female,2.0,1.0,Kampala City,Kampala,City,8.531272858594322,Oct-Mar,,,
,,449.0,,,,,,,,,Lake Bunyonyi,Kabale,Nature,7.900632192964087,Sep-Mar,,,
,,450.0,,,,,,,,,Mount Rwenzori,Jammu and Kashmir,Adventure,8.390879272653267,Apr-Jun,,,
500.0,569.0,451.0,2024-02-15,2.0,Aanya,aanya@example.com,"Nature, Adventure",Female,2.0,2.0,Murchison Falls,Masindi,Historical,7.948981237202266,Nov-Feb,,,
873.0,996.0,452.0,2024-03-20,3.0,Dhruv,dhruv@example.com,"City, Historical",Male,1.0,1.0,Zanzibar Beaches,Zanzibar,Beach,7.710238850545792,Nov-Mar,,,
,,453.0,,,,,,,,,Kampala City,Kampala,City,8.426026820095585,Oct-Mar,,,
,,454.0,,,,,,,,,Lake Bunyonyi,Kabale,Nature,8.250765565651493,Sep-Mar,,,
,,455.0,,,,,,,,,Mount Rwenzori,Jammu and Kashmir,Adventure,7.889359194048391,Apr-Jun,,,
,,456.0,,,,,,,,,Murchison Falls,Masindi,Historical,7.509850241166378,Nov-Feb,,,
865.0,454.0,457.0,2024-01-01,2.0,Hitesh,hitesh@example.com,"Beaches, Historical",Male,2.0,0.0,Zanzibar Beaches,Zanzibar,Beach,9.348468751483985,Nov-Mar,,,
22.0,609.0,458.0,2024-01-01,1.0,Meera,meera@example.com,"City, Historical",Female,2.0,2.0,Kampala City,Kampala,City,9.04884504620765,Oct-Mar,,,
439.0,242.0,459.0,2024-01-01,5.0,Isha,isha@example.com,"Nature, Adventure",Female,2.0,1.0,Lake Bunyonyi,Kabale,Nature,8.231034030468606,Sep-Mar,,,
524.0,750.0,460.0,2024-02-15,1.0,Hitesh,hitesh@example.com,"City, Historical",Male,1.0,2.0,Mount Rwenzori,Jammu and Kashmir,Adventure,8.25449220912482,Apr-Jun,,,
,,461.0,,,,,,,,,Murchison Falls,Masindi,Historical,8.54049334743632,Nov-Feb,,,
,,462.0,,,,,,,,,Zanzibar Beaches,Zanzibar,Beach,7.625998220803341,Nov-Mar,,,
707.0,315.0,463.0,2024-02-15,1.0,Arjun,arjun@example.com,"City, Historical",Male,2.0,0.0,Kampala City,Kampala,City,8.981270231292,Oct-Mar,,,
,,464.0,,,,,,,,,Lake Bunyonyi,Kabale,Nature,8.555128223838274,Sep-Mar,,,
,,465.0,,,,,,,,,Mount Rwenzori,Jammu and Kashmir,Adventure,7.761543597697145,Apr-Jun,,,
883.0,177.0,466.0,2024-01-01,5.0,Karan,karan@example.com,"City, Historical",Male,2.0,1.0,Murchison Falls,Masindi,Historical,8.25089870590044,Nov-Feb,,,
876.0,1.0,467.0,2024-03-20,3.0,Kavya,kavya@example.com,"Beaches, Historical",Female,1.0,0.0,Zanzibar Beaches,Zanzibar,Beach,8.025486409324685,Nov-Mar,,,
612.0,42.0,468.0,2024-03-20,2.0,Riya,riya@example.com,"City, Historical",Female,2.0,2.0,Kampala City,Kampala,City,9.47910151784028,Oct-Mar,,,
518.0,59.0,468.0,2024-02-15,4.0,Arjun,arjun@example.com,"Nature, Adventure",Male,1.0,1.0,Kampala City,Kampala,City,9.47910151784028,Oct-Mar,,,
367.0,821.0,469.0,2024-01-01,3.0,Arjun,arjun@example.com,"Nature, Adventure",Male,1.0,2.0,Lake Bunyonyi,Kabale,Nature,8.661784765251305,Sep-Mar,,,
572.0,623.0,470.0,2024-02-15,1.0,Isha,isha@example.com,"Nature, Adventure",Female,1.0,0.0,Mount Rwenzori,Jammu and Kashmir,Adventure,8.93195095213289,Apr-Jun,,,
902.0,815.0,471.0,2024-02-15,2.0,Aarav,aarav@example.com,"Nature, Adventure",Male,1.0,1.0,Murchison Falls,Masindi,Historical,9.431015219195524,Nov-Feb,,,
694.0,372.0,472.0,2024-01-01,2.0,Pooja,pooja@example.com,"City, Historical",Female,1.0,2.0,Zanzibar Beaches,Zanzibar,Beach,9.276219098262825,Nov-Mar,,,
110.0,544.0,472.0,2024-02-15,4.0,Pooja,pooja@example.com,"Beaches, Historical",Female,1.0,1.0,Zanzibar Beaches,Zanzibar,Beach,9.276219098262825,Nov-Mar,,,
,,473.0,,,,,,,,,Kampala City,Kampala,City,8.138557734045776,Oct-Mar,,,
802.0,45.0,474.0,2024-01-01,2.0,Tanvi,tanvi@example.com,"City, Historical",Female,2.0,0.0,Lake Bunyonyi,Kabale,Nature,7.780303814451599,Sep-Mar,,,
,,475.0,,,,,,,,,Mount Rwenzori,Jammu and Kashmir,Adventure,8.439314463538002,Apr-Jun,,,
23.0,276.0,476.0,2024-02-15,4.0,Ritvik,ritvik@example.com,"City, Historical",Male,1.0,2.0,Murchison Falls,Masindi,Historical,8.59393285581819,Nov-Feb,,,
115.0,524.0,476.0,2024-01-01,5.0,Diya,diya@example.com,"Nature, Adventure",Female,2.0,2.0,Murchison Falls,Masindi,Historical,8.59393285581819,Nov-Feb,,,
759.0,712.0,476.0,2024-03-20,3.0,Diya,diya@example.com,"Beaches, Historical",Female,2.0,0.0,Murchison Falls,Masindi,Historical,8.59393285581819,Nov-Feb,,,
215.0,92.0,477.0,2024-02-15,1.0,Tanvi,tanvi@example.com,"Nature, Adventure",Female,2.0,0.0,Zanzibar Beaches,Zanzibar,Beach,9.061411819218064,Nov-Mar,,,
789.0,159.0,477.0,2024-03-20,3.0,Ishaan,ishaan@example.com,"City, Historical",Male,1.0,0.0,Zanzibar Beaches,Zanzibar,Beach,9.061411819218064,Nov-Mar,,,
677.0,328.0,477.0,2024-02-15,1.0,Saanvi,saanvi@example.com,"Beaches, Historical",Female,2.0,0.0,Zanzibar Beaches,Zanzibar,Beach,9.061411819218064,Nov-Mar,,,
123.0,343.0,478.0,2024-03-20,3.0,Saanvi,saanvi@example.com,"Beaches, Historical",Female,2.0,1.0,Kampala City,Kampala,City,8.746027540435104,Oct-Mar,,,
565.0,943.0,479.0,2024-01-01,4.0,Hitesh,hitesh@example.com,"Beaches, Historical",Male,2.0,1.0,Lake Bunyonyi,Kabale,Nature,8.432522163463709,Sep-Mar,,,
247.0,725.0,480.0,2024-01-01,5.0,Karan,karan@example.com,"Nature, Adventure",Male,1.0,1.0,Mount Rwenzori,Jammu and Kashmir,Adventure,9.183226466821637,Apr-Jun,,,
734.0,15.0,481.0,2024-02-15,4.0,Karan,karan@example.com,"City, Historical",Male,1.0,2.0,Murchison Falls,Masindi,Historical,8.347502107586056,Nov-Feb,,,
777.0,500.0,482.0,2024-03-20,5.0,Kavya,kavya@example.com,"Nature, Adventure",Female,1.0,1.0,Zanzibar Beaches,Zanzibar,Beach,7.948762856954323,Nov-Mar,,,
923.0,663.0,483.0,2024-02-15,3.0,Aarav,aarav@example.com,"City, Historical",Male,1.0,1.0,Kampala City,Kampala,City,9.187132541918034,Oct-Mar,,,
719.0,809.0,483.0,2024-02-15,5.0,Rohan,rohan@example.com,"Nature, Adventure",Male,1.0,2.0,Kampala City,Kampala,City,9.187132541918034,Oct-Mar,,,
230.0,218.0,484.0,2024-02-15,3.0,Saanvi,saanvi@example.com,"Nature, Adventure",Female,2.0,2.0,Lake Bunyonyi,Kabale,Nature,8.361380335928295,Sep-Mar,,,
907.0,706.0,484.0,2024-01-01,1.0,Kavya,kavya@example.com,"Beaches, Historical",Female,2.0,0.0,Lake Bunyonyi,Kabale,Nature,8.361380335928295,Sep-Mar,,,
448.0,114.0,485.0,2024-01-01,5.0,Hitesh,hitesh@example.com,"City, Historical",Male,1.0,0.0,Mount Rwenzori,Jammu and Kashmir,Adventure,9.307482015375824,Apr-Jun,,,
693.0,184.0,485.0,2024-03-20,1.0,Ishaan,ishaan@example.com,"Beaches, Historical",Male,1.0,2.0,Mount Rwenzori,Jammu and Kashmir,Adventure,9.307482015375824,Apr-Jun,,,
881.0,226.0,485.0,2024-02-15,5.0,Tanvi,tanvi@example.com,"Beaches, Historical",Female,2.0,1.0,Mount Rwenzori,Jammu and Kashmir,Adventure,9.307482015375824,Apr-Jun,,,
,,486.0,,,,,,,,,Murchison Falls,Masindi,Historical,9.2500304022815,Nov-Feb,,,
14.0,46.0,487.0,2024-02-15,1.0,Anika,anika@example.com,"Beaches, Historical",Female,2.0,1.0,Zanzibar Beaches,Zanzibar,Beach,8.062331360639273,Nov-Mar,,,
596.0,400.0,487.0,2024-02-15,1.0,Aanya,aanya@example.com,"Beaches, Historical",Female,2.0,1.0,Zanzibar Beaches,Zanzibar,Beach,8.062331360639273,Nov-Mar,,,
739.0,693.0,488.0,2024-01-01,1.0,Aditya,aditya@example.com,"City, Historical",Male,2.0,0.0,Kampala City,Kampala,City,8.654607164170207,Oct-Mar,,,
840.0,21.0,489.0,2024-03-20,3.0,Dhruv,dhruv@example.com,"City, Historical",Male,1.0,0.0,Lake Bunyonyi,Kabale,Nature,8.63372498272289,Sep-Mar,,,
646.0,480.0,490.0,2024-01-01,2.0,Riya,riya@example.com,"City, Historical",Female,2.0,0.0,Mount Rwenzori,Jammu and Kashmir,Adventure,8.387349596378451,Apr-Jun,,,
157.0,392.0,491.0,2024-01-01,4.0,Karan,karan@example.com,"Nature, Adventure",Male,2.0,2.0,Murchison Falls,Masindi,Historical,8.20803233304684,Nov-Feb,,,
,,492.0,,,,,,,,,Zanzibar Beaches,Zanzibar,Beach,8.1282869592547,Nov-Mar,,,
205.0,79.0,493.0,2024-01-01,4.0,Dhruv,dhruv@example.com,"Beaches, Historical",Male,2.0,0.0,Kampala City,Kampala,City,8.878936494411294,Oct-Mar,,,
60.0,65.0,494.0,2024-03-20,3.0,Pooja,pooja@example.com,"Nature, Adventure",Female,2.0,1.0,Lake Bunyonyi,Kabale,Nature,8.937812540340415,Sep-Mar,,,
191.0,279.0,494.0,2024-02-15,5.0,Ishaan,ishaan@example.com,"City, Historical",Male,2.0,2.0,Lake Bunyonyi,Kabale,Nature,8.937812540340415,Sep-Mar,,,
538.0,512.0,495.0,2024-01-01,2.0,Ritvik,ritvik@example.com,"Nature, Adventure",Male,1.0,1.0,Mount Rwenzori,Jammu and Kashmir,Adventure,8.414265880762033,Apr-Jun,,,
285.0,315.0,496.0,2024-03-20,2.0,Arjun,arjun@example.com,"City, Historical",Male,2.0,0.0,Murchison Falls,Masindi,Historical,8.265509612154226,Nov-Feb,,,
,,497.0,,,,,,,,,Zanzibar Beaches,Zanzibar,Beach,8.698828827904826,Nov-Mar,,,
,,498.0,,,,,,,,,Kampala City,Kampala,City,9.324413281531497,Oct-Mar,,,
471.0,341.0,499.0,2024-03-20,1.0,Aditya,aditya@example.com,"Nature, Adventure",Male,1.0,1.0,Lake Bunyonyi,Kabale,Nature,9.26496476298098,Sep-Mar,,,
979.0,627.0,499.0,2024-01-01,2.0,Rohan,rohan@example.com,"City, Historical",Male,2.0,0.0,Lake Bunyonyi,Kabale,Nature,9.26496476298098,Sep-Mar,,,
574.0,42.0,500.0,2024-01-01,4.0,Riya,riya@example.com,"City, Historical",Female,2.0,2.0,Mount Rwenzori,Jammu and Kashmir,Adventure,8.940107797681996,Apr-Jun,,,
505.0,614.0,501.0,2024-01-01,2.0,Kavya,kavya@example.com,"Nature, Adventure",Female,2.0,2.0,Murchison Falls,Masindi,Historical,8.43779797890401,Nov-Feb,,,
,,502.0,,,,,,,,,Zanzibar Beaches,Zanzibar,Beach,9.314545773276503,Nov-Mar,,,
,,503.0,,,,,,,,,Kampala City,Kampala,City,8.918823544059974,Oct-Mar,,,
282.0,252.0,504.0,2024-03-20,1.0,Arjun,arjun@example.com,"City, Historical",Male,2.0,2.0,Lake Bunyonyi,Kabale,Nature,7.992592263408194,Sep-Mar,,,
65.0,29.0,505.0,2024-02-15,3.0,Diya,diya@example.com,"Nature, Adventure",Female,2.0,0.0,Mount Rwenzori,Jammu and Kashmir,Adventure,8.07869796905618,Apr-Jun,,,
,,506.0,,,,,,,,,Murchison Falls,Masindi,Historical,8.510029536153398,Nov-Feb,,,
530.0,498.0,507.0,2024-02-15,3.0,Dhruv,dhruv@example.com,"City, Historical",Male,1.0,0.0,Zanzibar Beaches,Zanzibar,Beach,8.240547501092525,Nov-Mar,,,
895.0,679.0,507.0,2024-01-01,4.0,Ishaan,ishaan@example.com,"Beaches, Historical",Male,2.0,1.0,Zanzibar Beaches,Zanzibar,Beach,8.240547501092525,Nov-Mar,,,
,,508.0,,,,,,,,,Kampala City,Kampala,City,9.43596338151704,Oct-Mar,,,
410.0,949.0,509.0,2024-02-15,4.0,Riya,riya@example.com,"Beaches, Historical",Female,2.0,2.0,Lake Bunyonyi,Kabale,Nature,9.25204552164384,Sep-Mar,,,
619.0,923.0,510.0,2024-01-01,2.0,Isha,isha@example.com,"Nature, Adventure",Female,2.0,2.0,Mount Rwenzori,Jammu and Kashmir,Adventure,9.380186804036049,Apr-Jun,,,
708.0,102.0,511.0,2024-03-20,3.0,Tanvi,tanvi@example.com,"City, Historical",Female,1.0,2.0,Murchison Falls,Masindi,Historical,9.219575248565713,Nov-Feb,,,
682.0,465.0,511.0,2024-01-01,2.0,Aditya,aditya@example.com,"City, Historical",Male,1.0,1.0,Murchison Falls,Masindi,Historical,9.219575248565713,Nov-Feb,,,
,,512.0,,,,,,,,,Zanzibar Beaches,Zanzibar,Beach,9.222486404593646,Nov-Mar,,,
307.0,606.0,513.0,2024-01-01,4.0,Riya,riya@example.com,"City, Historical",Female,2.0,2.0,Kampala City,Kampala,City,9.319083493307607,Oct-Mar,,,
,,514.0,,,,,,,,,Lake Bunyonyi,Kabale,Nature,7.980635862122308,Sep-Mar,,,
,,515.0,,,,,,,,,Mount Rwenzori,Jammu and Kashmir,Adventure,9.481318666573411,Apr-Jun,,,
,,516.0,,,,,,,,,Murchison Falls,Masindi,Historical,7.890656667652207,Nov-Feb,,,
,,517.0,,,,,,,,,Zanzibar Beaches,Zanzibar,Beach,8.715019439382655,Nov-Mar,,,
284.0,582.0,518.0,2024-02-15,4.0,Anika,anika@example.com,"City, Historical",Female,2.0,2.0,Kampala City,Kampala,City,8.92790148381448,Oct-Mar,,,
224.0,954.0,518.0,2024-02-15,5.0,Vivaan,vivaan@example.com,"City, Historical",Male,2.0,2.0,Kampala City,Kampala,City,8.92790148381448,Oct-Mar,,,
251.0,165.0,519.0,2024-02-15,3.0,Arjun,arjun@example.com,"City, Historical",Male,2.0,0.0,Lake Bunyonyi,Kabale,Nature,7.772507901461253,Sep-Mar,,,
425.0,335.0,520.0,2024-02-15,4.0,Saanvi,saanvi@example.com,"Nature, Adventure",Female,2.0,2.0,Mount Rwenzori,Jammu and Kashmir,Adventure,8.521876495404149,Apr-Jun,,,
,,521.0,,,,,,,,,Murchison Falls,Masindi,Historical,9.073609022110247,Nov-Feb,,,
,,522.0,,,,,,,,,Zanzibar Beaches,Zanzibar,Beach,8.486706784627046,Nov-Mar,,,
312.0,835.0,523.0,2024-03-20,5.0,Meera,meera@example.com,"Beaches, Historical",Female,2.0,2.0,Kampala City,Kampala,City,8.998307150645953,Oct-Mar,,,
,,524.0,,,,,,,,,Lake Bunyonyi,Kabale,Nature,8.207456170247866,Sep-Mar,,,
607.0,325.0,525.0,2024-01-01,4.0,Hitesh,hitesh@example.com,"Beaches, Historical",Male,1.0,2.0,Mount Rwenzori,Jammu and Kashmir,Adventure,8.090624068994547,Apr-Jun,,,
264.0,862.0,525.0,2024-03-20,3.0,Arjun,arjun@example.com,"Beaches, Historical",Male,1.0,1.0,Mount Rwenzori,Jammu and Kashmir,Adventure,8.090624068994547,Apr-Jun,,,
,,526.0,,,,,,,,,Murchison Falls,Masindi,Historical,8.798076955318615,Nov-Feb,,,
,,527.0,,,,,,,,,Zanzibar Beaches,Zanzibar,Beach,9.240920636796004,Nov-Mar,,,
585.0,757.0,528.0,2024-03-20,4.0,Karan,karan@example.com,"Beaches, Historical",Male,1.0,0.0,Kampala City,Kampala,City,8.564171557585537,Oct-Mar,,,
489.0,554.0,529.0,2024-03-20,4.0,Kavya,kavya@example.com,"Nature, Adventure",Female,1.0,2.0,Lake Bunyonyi,Kabale,Nature,7.726465986904015,Sep-Mar,,,
680.0,806.0,529.0,2024-02-15,1.0,Vivaan,vivaan@example.com,"Nature, Adventure",Male,2.0,1.0,Lake Bunyonyi,Kabale,Nature,7.726465986904015,Sep-Mar,,,
,,530.0,,,,,,,,,Mount Rwenzori,Jammu and Kashmir,Adventure,9.135320166568894,Apr-Jun,,,
633.0,647.0,531.0,2024-03-20,4.0,Riya,riya@example.com,"Nature, Adventure",Female,2.0,1.0,Murchison Falls,Masindi,Historical,7.819012402589374,Nov-Feb,,,
2.0,184.0,532.0,2024-02-15,5.0,Ishaan,ishaan@example.com,"Beaches, Historical",Male,1.0,2.0,Zanzibar Beaches,Zanzibar,Beach,8.988127174492362,Nov-Mar,,,
48.0,488.0,532.0,2024-03-20,2.0,Anika,anika@example.com,"Nature, Adventure",Female,1.0,0.0,Zanzibar Beaches,Zanzibar,Beach,8.988127174492362,Nov-Mar,,,
,,533.0,,,,,,,,,Kampala City,Kampala,City,7.692409735196847,Oct-Mar,,,
,,534.0,,,,,,,,,Lake Bunyonyi,Kabale,Nature,8.181851282648088,Sep-Mar,,,
717.0,700.0,535.0,2024-03-20,4.0,Aarav,aarav@example.com,"Beaches, Historical",Male,1.0,2.0,Mount Rwenzori,Jammu and Kashmir,Adventure,9.177624039641806,Apr-Jun,,,
,,536.0,,,,,,,,,Murchison Falls,Masindi,Historical,9.05646084632939,Nov-Feb,,,
668.0,101.0,537.0,2024-02-15,4.0,Aanya,aanya@example.com,"Nature, Adventure",Female,2.0,0.0,Zanzibar Beaches,Zanzibar,Beach,9.187047298341549,Nov-Mar,,,
690.0,950.0,537.0,2024-03-20,4.0,Aarav,aarav@example.com,"Nature, Adventure",Male,2.0,0.0,Zanzibar Beaches,Zanzibar,Beach,9.187047298341549,Nov-Mar,,,
,,538.0,,,,,,,,,Kampala City,Kampala,City,8.61290957770994,Oct-Mar,,,
784.0,478.0,539.0,2024-01-01,2.0,Arjun,arjun@example.com,"Beaches, Historical",Male,2.0,0.0,Lake Bunyonyi,Kabale,Nature,8.945958184370141,Sep-Mar,,,
,,540.0,,,,,,,,,Mount Rwenzori,Jammu and Kashmir,Adventure,8.310861660543809,Apr-Jun,,,
628.0,391.0,541.0,2024-01-01,3.0,Tanvi,tanvi@example.com,"Beaches, Historical",Female,1.0,1.0,Murchison Falls,Masindi,Historical,8.299700198889736,Nov-Feb,,,
,,542.0,,,,,,,,,Zanzibar Beaches,Zanzibar,Beach,8.682101749793983,Nov-Mar,,,
,,543.0,,,,,,,,,Kampala City,Kampala,City,8.997155930746766,Oct-Mar,,,
301.0,409.0,544.0,2024-01-01,3.0,Dhruv,dhruv@example.com,"Beaches, Historical",Male,2.0,2.0,Lake Bunyonyi,Kabale,Nature,8.517940732286046,Sep-Mar,,,
685.0,686.0,544.0,2024-01-01,1.0,Ritvik,ritvik@example.com,"Nature, Adventure",Male,2.0,2.0,Lake Bunyonyi,Kabale,Nature,8.517940732286046,Sep-Mar,,,
553.0,982.0,544.0,2024-01-01,1.0,Meera,meera@example.com,"Beaches, Historical",Female,2.0,2.0,Lake Bunyonyi,Kabale,Nature,8.517940732286046,Sep-Mar,,,
444.0,639.0,545.0,2024-03-20,5.0,Ishaan,ishaan@example.com,"City, Historical",Male,1.0,2.0,Mount Rwenzori,Jammu and Kashmir,Adventure,7.661289356429886,Apr-Jun,,,
293.0,644.0,545.0,2024-02-15,5.0,Tanvi,tanvi@example.com,"Nature, Adventure",Female,1.0,0.0,Mount Rwenzori,Jammu and Kashmir,Adventure,7.661289356429886,Apr-Jun,,,
953.0,797.0,546.0,2024-02-15,4.0,Tanvi,tanvi@example.com,"Nature, Adventure",Female,1.0,0.0,Murchison Falls,Masindi,Historical,8.99406731089834,Nov-Feb,,,
921.0,978.0,547.0,2024-03-20,2.0,Pooja,pooja@example.com,"City, Historical",Female,2.0,1.0,Zanzibar Beaches,Zanzibar,Beach,8.645510418904573,Nov-Mar,,,
,,548.0,,,,,,,,,Kampala City,Kampala,City,8.086168021757981,Oct-Mar,,,
372.0,962.0,549.0,2024-03-20,4.0,Saanvi,saanvi@example.com,"Nature, Adventure",Female,2.0,1.0,Lake Bunyonyi,Kabale,Nature,9.251772000884309,Sep-Mar,,,
,,550.0,,,,,,,,,Mount Rwenzori,Jammu and Kashmir,Adventure,8.747376070548807,Apr-Jun,,,
,,551.0,,,,,,,,,Murchison Falls,Masindi,Historical,8.374491709395679,Nov-Feb,,,
595.0,158.0,552.0,2024-01-01,4.0,Ishaan,ishaan@example.com,"Nature, Adventure",Male,2.0,1.0,Zanzibar Beaches,Zanzibar,Beach,8.564998979974378,Nov-Mar,,,
335.0,607.0,552.0,2024-02-15,5.0,Aarav,aarav@example.com,"Beaches, Historical",Male,1.0,0.0,Zanzibar Beaches,Zanzibar,Beach,8.564998979974378,Nov-Mar,,,
,,553.0,,,,,,,,,Kampala City,Kampala,City,9.40131781831434,Oct-Mar,,,
42.0,739.0,554.0,2024-03-20,3.0,Arjun,arjun@example.com,"Beaches, Historical",Male,2.0,1.0,Lake Bunyonyi,Kabale,Nature,9.025943210875612,Sep-Mar,,,
762.0,360.0,555.0,2024-03-20,2.0,Isha,isha@example.com,"City, Historical",Female,2.0,2.0,Mount Rwenzori,Jammu and Kashmir,Adventure,9.04217651721199,Apr-Jun,,,
457.0,718.0,555.0,2024-01-01,1.0,Rohan,rohan@example.com,"Beaches, Historical",Male,2.0,1.0,Mount Rwenzori,Jammu and Kashmir,Adventure,9.04217651721199,Apr-Jun,,,
260.0,754.0,555.0,2024-02-15,1.0,Aditya,aditya@example.com,"Beaches, Historical",Male,2.0,2.0,Mount Rwenzori,Jammu and Kashmir,Adventure,9.04217651721199,Apr-Jun,,,
753.0,930.0,556.0,2024-03-20,2.0,Aarav,aarav@example.com,"City, Historical",Male,2.0,1.0,Murchison Falls,Masindi,Historical,7.703776810764232,Nov-Feb,,,
,,557.0,,,,,,,,,Zanzibar Beaches,Zanzibar,Beach,8.672185130404245,Nov-Mar,,,
,,558.0,,,,,,,,,Kampala City,Kampala,City,9.113897123897514,Oct-Mar,,,
38.0,533.0,559.0,2024-02-15,3.0,Riya,riya@example.com,"Nature, Adventure",Female,1.0,1.0,Lake Bunyonyi,Kabale,Nature,8.65327152196819,Sep-Mar,,,
,,560.0,,,,,,,,,Mount Rwenzori,Jammu and Kashmir,Adventure,9.252519204291165,Apr-Jun,,,
,,561.0,,,,,,,,,Murchison Falls,Masindi,Historical,9.456850743680612,Nov-Feb,,,
395.0,537.0,562.0,2024-02-15,2.0,Hitesh,hitesh@example.com,"City, Historical",Male,2.0,0.0,Zanzibar Beaches,Zanzibar,Beach,9.310527198750878,Nov-Mar,,,
,,563.0,,,,,,,,,Kampala City,Kampala,City,7.952541968997334,Oct-Mar,,,
,,564.0,,,,,,,,,Lake Bunyonyi,Kabale,Nature,8.870130228380821,Sep-Mar,,,
826.0,231.0,565.0,2024-01-01,5.0,Aanya,aanya@example.com,"City, Historical",Female,2.0,2.0,Mount Rwenzori,Jammu and Kashmir,Adventure,8.47880343825541,Apr-Jun,,,
90.0,344.0,565.0,2024-03-20,4.0,Ritvik,ritvik@example.com,"Nature, Adventure",Male,2.0,1.0,Mount Rwenzori,Jammu and Kashmir,Adventure,8.47880343825541,Apr-Jun,,,
206.0,962.0,565.0,2024-02-15,3.0,Saanvi,saanvi@example.com,"Nature, Adventure",Female,2.0,1.0,Mount Rwenzori,Jammu and Kashmir,Adventure,8.47880343825541,Apr-Jun,,,
590.0,621.0,566.0,2024-02-15,5.0,Aanya,aanya@example.com,"City, Historical",Female,2.0,0.0,Murchison Falls,Masindi,Historical,7.567818752588276,Nov-Feb,,,
848.0,859.0,566.0,2024-02-15,5.0,Dhruv,dhruv@example.com,"Beaches, Historical",Male,2.0,1.0,Murchison Falls,Masindi,Historical,7.567818752588276,Nov-Feb,,,
132.0,155.0,567.0,2024-03-20,5.0,Vivaan,vivaan@example.com,"Nature, Adventure",Male,1.0,1.0,Zanzibar Beaches,Zanzibar,Beach,9.187761000514808,Nov-Mar,,,
990.0,968.0,567.0,2024-03-20,5.0,Diya,diya@example.com,"Nature, Adventure",Female,1.0,2.0,Zanzibar Beaches,Zanzibar,Beach,9.187761000514808,Nov-Mar,,,
620.0,799.0,568.0,2024-02-15,1.0,Riya,riya@example.com,"Beaches, Historical",Female,1.0,2.0,Kampala City,Kampala,City,8.248703528475824,Oct-Mar,,,
725.0,631.0,569.0,2024-02-15,1.0,Riya,riya@example.com,"Beaches, Historical",Female,1.0,2.0,Lake Bunyonyi,Kabale,Nature,9.000157281763427,Sep-Mar,,,
,,570.0,,,,,,,,,Mount Rwenzori,Jammu and Kashmir,Adventure,7.748348707167752,Apr-Jun,,,
,,571.0,,,,,,,,,Murchison Falls,Masindi,Historical,9.193226492177772,Nov-Feb,,,
779.0,602.0,572.0,2024-02-15,5.0,Meera,meera@example.com,"Nature, Adventure",Female,1.0,2.0,Zanzibar Beaches,Zanzibar,Beach,8.29243960608129,Nov-Mar,,,
566.0,35.0,573.0,2024-02-15,2.0,Rohan,rohan@example.com,"Nature, Adventure",Male,2.0,1.0,Kampala City,Kampala,City,9.155604744108183,Oct-Mar,,,
770.0,607.0,573.0,2024-02-15,2.0,Aarav,aarav@example.com,"Beaches, Historical",Male,1.0,0.0,Kampala City,Kampala,City,9.155604744108183,Oct-Mar,,,
,,574.0,,,,,,,,,Lake Bunyonyi,Kabale,Nature,7.553270853318885,Sep-Mar,,,
81.0,834.0,575.0,2024-03-20,2.0,Vivaan,vivaan@example.com,"City, Historical",Male,2.0,1.0,Mount Rwenzori,Jammu and Kashmir,Adventure,8.419067682490505,Apr-Jun,,,
237.0,904.0,576.0,2024-03-20,1.0,Rohan,rohan@example.com,"Beaches, Historical",Male,1.0,0.0,Murchison Falls,Masindi,Historical,8.450301921040447,Nov-Feb,,,
,,577.0,,,,,,,,,Zanzibar Beaches,Zanzibar,Beach,8.207209291443316,Nov-Mar,,,
791.0,419.0,578.0,2024-02-15,1.0,Rohan,rohan@example.com,"Nature, Adventure",Male,2.0,1.0,Kampala City,Kampala,City,8.205781816540815,Oct-Mar,,,
831.0,576.0,578.0,2024-03-20,5.0,Meera,meera@example.com,"City, Historical",Female,2.0,0.0,Kampala City,Kampala,City,8.205781816540815,Oct-Mar,,,
,,579.0,,,,,,,,,Lake Bunyonyi,Kabale,Nature,8.598752880266343,Sep-Mar,,,
,,580.0,,,,,,,,,Mount Rwenzori,Jammu and Kashmir,Adventure,8.998305590476127,Apr-Jun,,,
825.0,78.0,581.0,2024-03-20,3.0,Aditya,aditya@example.com,"City, Historical",Male,1.0,0.0,Murchison Falls,Masindi,Historical,9.01567151822585,Nov-Feb,,,
71.0,18.0,582.0,2024-02-15,1.0,Vivaan,vivaan@example.com,"City, Historical",Male,1.0,0.0,Zanzibar Beaches,Zanzibar,Beach,7.779308047020037,Nov-Mar,,,
627.0,230.0,582.0,2024-03-20,3.0,Kavya,kavya@example.com,"Nature, Adventure",Female,2.0,1.0,Zanzibar Beaches,Zanzibar,Beach,7.779308047020037,Nov-Mar,,,
638.0,332.0,583.0,2024-02-15,1.0,Riya,riya@example.com,"Nature, Adventure",Female,2.0,1.0,Kampala City,Kampala,City,8.45671070203574,Oct-Mar,,,
579.0,954.0,584.0,2024-03-20,2.0,Vivaan,vivaan@example.com,"City, Historical",Male,2.0,2.0,Lake Bunyonyi,Kabale,Nature,7.877125609308293,Sep-Mar,,,
,,585.0,,,,,,,,,Mount Rwenzori,Jammu and Kashmir,Adventure,8.937350084907646,Apr-Jun,,,
28.0,129.0,586.0,2024-01-01,3.0,Aarav,aarav@example.com,"City, Historical",Male,2.0,1.0,Murchison Falls,Masindi,Historical,7.569722658093775,Nov-Feb,,,
815.0,546.0,586.0,2024-02-15,4.0,Pooja,pooja@example.com,"City, Historical",Female,1.0,0.0,Murchison Falls,Masindi,Historical,7.569722658093775,Nov-Feb,,,
743.0,207.0,587.0,2024-02-15,3.0,Ritvik,ritvik@example.com,"City, Historical",Male,2.0,2.0,Zanzibar Beaches,Zanzibar,Beach,7.768523623167793,Nov-Mar,,,
,,588.0,,,,,,,,,Kampala City,Kampala,City,9.180141735009256,Oct-Mar,,,
86.0,866.0,589.0,2024-02-15,2.0,Ritvik,ritvik@example.com,"Nature, Adventure",Male,2.0,2.0,Lake Bunyonyi,Kabale,Nature,9.427997305985516,Sep-Mar,,,
704.0,614.0,590.0,2024-02-15,5.0,Kavya,kavya@example.com,"Nature, Adventure",Female,2.0,2.0,Mount Rwenzori,Jammu and Kashmir,Adventure,8.17109010854659,Apr-Jun,,,
389.0,777.0,590.0,2024-02-15,2.0,Vivaan,vivaan@example.com,"City, Historical",Male,1.0,2.0,Mount Rwenzori,Jammu and Kashmir,Adventure,8.17109010854659,Apr-Jun,,,
,,591.0,,,,,,,,,Murchison Falls,Masindi,Historical,8.148297385049217,Nov-Feb,,,
271.0,767.0,592.0,2024-01-01,5.0,Meera,meera@example.com,"Nature, Adventure",Female,2.0,2.0,Zanzibar Beaches,Zanzibar,Beach,9.168100701200414,Nov-Mar,,,
,,593.0,,,,,,,,,Kampala City,Kampala,City,9.468508271221934,Oct-Mar,,,
,,594.0,,,,,,,,,Lake Bunyonyi,Kabale,Nature,8.618563706489919,Sep-Mar,,,
,,595.0,,,,,,,,,Mount Rwenzori,Jammu and Kashmir,Adventure,9.446618127599066,Apr-Jun,,,
,,596.0,,,,,,,,,Murchison Falls,Masindi,Historical,7.865548979182885,Nov-Feb,,,
315.0,956.0,597.0,2024-03-20,3.0,Hitesh,hitesh@example.com,"Nature, Adventure",Male,1.0,0.0,Zanzibar Beaches,Zanzibar,Beach,7.735247906037738,Nov-Mar,,,
,,598.0,,,,,,,,,Kampala City,Kampala,City,7.754720778868718,Oct-Mar,,,
,,599.0,,,,,,,,,Lake Bunyonyi,Kabale,Nature,9.463041121922352,Sep-Mar,,,
,,600.0,,,,,,,,,Mount Rwenzori,Jammu and Kashmir,Adventure,9.390934664335951,Apr-Jun,,,
317.0,917.0,601.0,2024-02-15,2.0,Anika,anika@example.com,"Nature, Adventure",Female,2.0,2.0,Murchison Falls,Masindi,Historical,7.679434820985951,Nov-Feb,,,
,,602.0,,,,,,,,,Zanzibar Beaches,Zanzibar,Beach,8.330784565286411,Nov-Mar,,,
,,603.0,,,,,,,,,Kampala City,Kampala,City,8.51701771288866,Oct-Mar,,,
,,604.0,,,,,,,,,Lake Bunyonyi,Kabale,Nature,9.298998286534964,Sep-Mar,,,
,,605.0,,,,,,,,,Mount Rwenzori,Jammu and Kashmir,Adventure,9.015692413525752,Apr-Jun,,,
721.0,220.0,606.0,2024-01-01,3.0,Aanya,aanya@example.com,"Beaches, Historical",Female,2.0,0.0,Murchison Falls,Masindi,Historical,7.645870324298047,Nov-Feb,,,
,,607.0,,,,,,,,,Zanzibar Beaches,Zanzibar,Beach,7.6520123514027665,Nov-Mar,,,
,,608.0,,,,,,,,,Kampala City,Kampala,City,8.443802951781302,Oct-Mar,,,
,,609.0,,,,,,,,,Lake Bunyonyi,Kabale,Nature,8.29568641738167,Sep-Mar,,,
460.0,17.0,610.0,2024-01-01,4.0,Aanya,aanya@example.com,"Nature, Adventure",Female,1.0,2.0,Mount Rwenzori,Jammu and Kashmir,Adventure,7.940660734256079,Apr-Jun,,,
655.0,769.0,611.0,2024-01-01,3.0,Kavya,kavya@example.com,"Beaches, Historical",Female,2.0,1.0,Murchison Falls,Masindi,Historical,9.342123928378385,Nov-Feb,,,
97.0,976.0,611.0,2024-01-01,5.0,Aditya,aditya@example.com,"Beaches, Historical",Male,1.0,1.0,Murchison Falls,Masindi,Historical,9.342123928378385,Nov-Feb,,,
195.0,537.0,612.0,2024-03-20,2.0,Hitesh,hitesh@example.com,"City, Historical",Male,2.0,0.0,Zanzibar Beaches,Zanzibar,Beach,7.582948969365619,Nov-Mar,,,
298.0,341.0,613.0,2024-01-01,4.0,Aditya,aditya@example.com,"Nature, Adventure",Male,1.0,1.0,Kampala City,Kampala,City,7.893422691754661,Oct-Mar,,,
787.0,402.0,613.0,2024-01-01,2.0,Dhruv,dhruv@example.com,"City, Historical",Male,2.0,0.0,Kampala City,Kampala,City,7.893422691754661,Oct-Mar,,,
365.0,743.0,614.0,2024-02-15,4.0,Riya,riya@example.com,"Nature, Adventure",Female,1.0,2.0,Lake Bunyonyi,Kabale,Nature,9.003574785226348,Sep-Mar,,,
,,615.0,,,,,,,,,Mount Rwenzori,Jammu and Kashmir,Adventure,8.810690633638737,Apr-Jun,,,
,,616.0,,,,,,,,,Murchison Falls,Masindi,Historical,9.200376502061246,Nov-Feb,,,
15.0,98.0,617.0,2024-03-20,5.0,Arjun,arjun@example.com,"Nature, Adventure",Male,2.0,0.0,Zanzibar Beaches,Zanzibar,Beach,9.097017238917031,Nov-Mar,,,
171.0,484.0,617.0,2024-03-20,4.0,Saanvi,saanvi@example.com,"Beaches, Historical",Female,2.0,0.0,Zanzibar Beaches,Zanzibar,Beach,9.097017238917031,Nov-Mar,,,
266.0,252.0,618.0,2024-02-15,3.0,Arjun,arjun@example.com,"City, Historical",Male,2.0,2.0,Kampala City,Kampala,City,8.39215366577806,Oct-Mar,,,
833.0,322.0,618.0,2024-02-15,5.0,Aanya,aanya@example.com,"Beaches, Historical",Female,2.0,0.0,Kampala City,Kampala,City,8.39215366577806,Oct-Mar,,,
26.0,290.0,619.0,2024-02-15,2.0,Riya,riya@example.com,"Nature, Adventure",Female,2.0,1.0,Lake Bunyonyi,Kabale,Nature,9.4345443222489,Sep-Mar,,,
78.0,423.0,619.0,2024-03-20,4.0,Aarav,aarav@example.com,"City, Historical",Male,1.0,2.0,Lake Bunyonyi,Kabale,Nature,9.4345443222489,Sep-Mar,,,
657.0,528.0,619.0,2024-03-20,2.0,Isha,isha@example.com,"City, Historical",Female,2.0,1.0,Lake Bunyonyi,Kabale,Nature,9.4345443222489,Sep-Mar,,,
,,620.0,,,,,,,,,Mount Rwenzori,Jammu and Kashmir,Adventure,8.896288153040157,Apr-Jun,,,
77.0,431.0,621.0,2024-02-15,4.0,Arjun,arjun@example.com,"Nature, Adventure",Male,1.0,1.0,Murchison Falls,Masindi,Historical,7.820265199039039,Nov-Feb,,,
274.0,123.0,622.0,2024-01-01,4.0,Diya,diya@example.com,"City, Historical",Female,2.0,1.0,Zanzibar Beaches,Zanzibar,Beach,8.642272298087951,Nov-Mar,,,
,,623.0,,,,,,,,,Kampala City,Kampala,City,7.809114532022525,Oct-Mar,,,
567.0,366.0,624.0,2024-03-20,2.0,Aanya,aanya@example.com,"City, Historical",Female,1.0,2.0,Lake Bunyonyi,Kabale,Nature,8.331131728498399,Sep-Mar,,,
387.0,620.0,624.0,2024-03-20,4.0,Aditya,aditya@example.com,"Nature, Adventure",Male,2.0,0.0,Lake Bunyonyi,Kabale,Nature,8.331131728498399,Sep-Mar,,,
,,625.0,,,,,,,,,Mount Rwenzori,Jammu and Kashmir,Adventure,8.352057126187718,Apr-Jun,,,
,,626.0,,,,,,,,,Murchison Falls,Masindi,Historical,7.64985755753062,Nov-Feb,,,
642.0,916.0,627.0,2024-03-20,1.0,Pooja,pooja@example.com,"Beaches, Historical",Female,1.0,2.0,Zanzibar Beaches,Zanzibar,Beach,7.949828337049644,Nov-Mar,,,
882.0,680.0,628.0,2024-03-20,4.0,Aditya,aditya@example.com,"Nature, Adventure",Male,1.0,0.0,Kampala City,Kampala,City,9.28390783788805,Oct-Mar,,,
804.0,973.0,628.0,2024-03-20,3.0,Kavya,kavya@example.com,"Beaches, Historical",Female,1.0,2.0,Kampala City,Kampala,City,9.28390783788805,Oct-Mar,,,
,,629.0,,,,,,,,,Lake Bunyonyi,Kabale,Nature,7.674024425319291,Sep-Mar,,,
,,630.0,,,,,,,,,Mount Rwenzori,Jammu and Kashmir,Adventure,9.26454156504302,Apr-Jun,,,
80.0,628.0,631.0,2024-02-15,5.0,Saanvi,saanvi@example.com,"Beaches, Historical",Female,1.0,2.0,Murchison Falls,Masindi,Historical,8.69173765365114,Nov-Feb,,,
896.0,437.0,632.0,2024-02-15,2.0,Arjun,arjun@example.com,"Nature, Adventure",Male,2.0,1.0,Zanzibar Beaches,Zanzibar,Beach,7.876158566558553,Nov-Mar,,,
699.0,374.0,633.0,2024-03-20,2.0,Meera,meera@example.com,"Nature, Adventure",Female,1.0,1.0,Kampala City,Kampala,City,8.038341365095178,Oct-Mar,,,
916.0,445.0,633.0,2024-01-01,2.0,Riya,riya@example.com,"Beaches, Historical",Female,2.0,1.0,Kampala City,Kampala,City,8.038341365095178,Oct-Mar,,,
,,634.0,,,,,,,,,Lake Bunyonyi,Kabale,Nature,8.33060225072883,Sep-Mar,,,
576.0,104.0,635.0,2024-03-20,1.0,Ishaan,ishaan@example.com,"Nature, Adventure",Male,2.0,1.0,Mount Rwenzori,Jammu and Kashmir,Adventure,8.512680031670806,Apr-Jun,,,
198.0,351.0,636.0,2024-03-20,1.0,Vivaan,vivaan@example.com,"City, Historical",Male,2.0,2.0,Murchison Falls,Masindi,Historical,8.591103123657849,Nov-Feb,,,
812.0,824.0,636.0,2024-02-15,4.0,Ishaan,ishaan@example.com,"Nature, Adventure",Male,2.0,2.0,Murchison Falls,Masindi,Historical,8.591103123657849,Nov-Feb,,,
736.0,637.0,637.0,2024-01-01,5.0,Ishaan,ishaan@example.com,"Beaches, Historical",Male,1.0,0.0,Zanzibar Beaches,Zanzibar,Beach,9.155871192324602,Nov-Mar,,,
294.0,733.0,638.0,2024-03-20,3.0,Kavya,kavya@example.com,"Beaches, Historical",Female,1.0,1.0,Kampala City,Kampala,City,9.315119560288965,Oct-Mar,,,
,,639.0,,,,,,,,,Lake Bunyonyi,Kabale,Nature,9.081925622089122,Sep-Mar,,,
,,640.0,,,,,,,,,Mount Rwenzori,Jammu and Kashmir,Adventure,8.009714714967838,Apr-Jun,,,
164.0,883.0,641.0,2024-02-15,5.0,Aanya,aanya@example.com,"Beaches, Historical",Female,2.0,1.0,Murchison Falls,Masindi,Historical,8.559749376912812,Nov-Feb,,,
992.0,704.0,642.0,2024-02-15,1.0,Aditya,aditya@example.com,"Nature, Adventure",Male,2.0,2.0,Zanzibar Beaches,Zanzibar,Beach,9.304705550324336,Nov-Mar,,,
359.0,352.0,643.0,2024-02-15,1.0,Kavya,kavya@example.com,"Beaches, Historical",Female,1.0,0.0,Kampala City,Kampala,City,9.300321813290449,Oct-Mar,,,
,,644.0,,,,,,,,,Lake Bunyonyi,Kabale,Nature,9.189377296102892,Sep-Mar,,,
965.0,340.0,645.0,2024-02-15,2.0,Diya,diya@example.com,"Beaches, Historical",Female,1.0,0.0,Mount Rwenzori,Jammu and Kashmir,Adventure,9.16102966115886,Apr-Jun,,,
977.0,592.0,646.0,2024-02-15,5.0,Saanvi,saanvi@example.com,"Beaches, Historical",Female,2.0,1.0,Murchison Falls,Masindi,Historical,8.90349451280123,Nov-Feb,,,
283.0,238.0,647.0,2024-01-01,5.0,Anika,anika@example.com,"Beaches, Historical",Female,1.0,1.0,Zanzibar Beaches,Zanzibar,Beach,9.00875189802598,Nov-Mar,,,
383.0,80.0,648.0,2024-02-15,3.0,Diya,diya@example.com,"Nature, Adventure",Female,1.0,2.0,Kampala City,Kampala,City,8.771306422116705,Oct-Mar,,,
,,649.0,,,,,,,,,Lake Bunyonyi,Kabale,Nature,8.167683021047935,Sep-Mar,,,
785.0,694.0,650.0,2024-02-15,2.0,Anika,anika@example.com,"Beaches, Historical",Female,1.0,0.0,Mount Rwenzori,Jammu and Kashmir,Adventure,8.204607883952981,Apr-Jun,,,
,,651.0,,,,,,,,,Murchison Falls,Masindi,Historical,9.464391796425565,Nov-Feb,,,
,,652.0,,,,,,,,,Zanzibar Beaches,Zanzibar,Beach,7.956162812949001,Nov-Mar,,,
870.0,42.0,653.0,2024-03-20,1.0,Riya,riya@example.com,"City, Historical",Female,2.0,2.0,Kampala City,Kampala,City,9.496920384788352,Oct-Mar,,,
231.0,67.0,653.0,2024-03-20,4.0,Tanvi,tanvi@example.com,"Beaches, Historical",Female,1.0,0.0,Kampala City,Kampala,City,9.496920384788352,Oct-Mar,,,
769.0,328.0,653.0,2024-01-01,5.0,Saanvi,saanvi@example.com,"Beaches, Historical",Female,2.0,0.0,Kampala City,Kampala,City,9.496920384788352,Oct-Mar,,,
973.0,40.0,654.0,2024-01-01,5.0,Aditya,aditya@example.com,"Beaches, Historical",Male,1.0,1.0,Lake Bunyonyi,Kabale,Nature,8.441880661939361,Sep-Mar,,,
672.0,106.0,655.0,2024-03-20,1.0,Ishaan,ishaan@example.com,"Beaches, Historical",Male,1.0,0.0,Mount Rwenzori,Jammu and Kashmir,Adventure,8.769705210150947,Apr-Jun,,,
112.0,890.0,655.0,2024-01-01,4.0,Ishaan,ishaan@example.com,"Nature, Adventure",Male,1.0,0.0,Mount Rwenzori,Jammu and Kashmir,Adventure,8.769705210150947,Apr-Jun,,,
,,656.0,,,,,,,,,Murchison Falls,Masindi,Historical,9.032216296013203,Nov-Feb,,,
569.0,560.0,657.0,2024-02-15,3.0,Tanvi,tanvi@example.com,"Nature, Adventure",Female,1.0,1.0,Zanzibar Beaches,Zanzibar,Beach,9.350623282972432,Nov-Mar,,,
,,658.0,,,,,,,,,Kampala City,Kampala,City,9.008048228406723,Oct-Mar,,,
56.0,297.0,659.0,2024-02-15,2.0,Hitesh,hitesh@example.com,"City, Historical",Male,1.0,1.0,Lake Bunyonyi,Kabale,Nature,7.991928056209089,Sep-Mar,,,
867.0,367.0,660.0,2024-03-20,5.0,Aanya,aanya@example.com,"Beaches, Historical",Female,1.0,0.0,Mount Rwenzori,Jammu and Kashmir,Adventure,7.923387964302513,Apr-Jun,,,
4.0,470.0,660.0,2024-01-01,1.0,Arjun,arjun@example.com,"Nature, Adventure",Male,2.0,1.0,Mount Rwenzori,Jammu and Kashmir,Adventure,7.923387964302513,Apr-Jun,,,
66.0,747.0,660.0,2024-03-20,4.0,Isha,isha@example.com,"City, Historical",Female,1.0,0.0,Mount Rwenzori,Jammu and Kashmir,Adventure,7.923387964302513,Apr-Jun,,,
998.0,959.0,660.0,2024-02-15,4.0,Ritvik,ritvik@example.com,"Nature, Adventure",Male,1.0,1.0,Mount Rwenzori,Jammu and Kashmir,Adventure,7.923387964302513,Apr-Jun,,,
794.0,868.0,661.0,2024-02-15,5.0,Pooja,pooja@example.com,"Beaches, Historical",Female,2.0,0.0,Murchison Falls,Masindi,Historical,9.349513600175449,Nov-Feb,,,
667.0,878.0,661.0,2024-01-01,4.0,Meera,meera@example.com,"Nature, Adventure",Female,1.0,2.0,Murchison Falls,Masindi,Historical,9.349513600175449,Nov-Feb,,,
767.0,250.0,662.0,2024-02-15,3.0,Ishaan,ishaan@example.com,"Beaches, Historical",Male,1.0,0.0,Zanzibar Beaches,Zanzibar,Beach,7.848867269009221,Nov-Mar,,,
803.0,299.0,662.0,2024-02-15,4.0,Isha,isha@example.com,"Nature, Adventure",Female,2.0,1.0,Zanzibar Beaches,Zanzibar,Beach,7.848867269009221,Nov-Mar,,,
949.0,380.0,662.0,2024-01-01,3.0,Aditya,aditya@example.com,"Nature, Adventure",Male,2.0,0.0,Zanzibar Beaches,Zanzibar,Beach,7.848867269009221,Nov-Mar,,,
,,663.0,,,,,,,,,Kampala City,Kampala,City,8.822604311521562,Oct-Mar,,,
,,664.0,,,,,,,,,Lake Bunyonyi,Kabale,Nature,7.975932402561909,Sep-Mar,,,
,,665.0,,,,,,,,,Mount Rwenzori,Jammu and Kashmir,Adventure,8.175473128767925,Apr-Jun,,,
,,666.0,,,,,,,,,Murchison Falls,Masindi,Historical,8.535347955383795,Nov-Feb,,,
934.0,404.0,667.0,2024-01-01,4.0,Aditya,aditya@example.com,"Nature, Adventure",Male,1.0,2.0,Zanzibar Beaches,Zanzibar,Beach,7.97016084501826,Nov-Mar,,,
,,668.0,,,,,,,,,Kampala City,Kampala,City,7.593849734423116,Oct-Mar,,,
,,669.0,,,,,,,,,Lake Bunyonyi,Kabale,Nature,7.840622429583862,Sep-Mar,,,
855.0,7.0,670.0,2024-03-20,1.0,Rohan,rohan@example.com,"Beaches, Historical",Male,2.0,1.0,Mount Rwenzori,Jammu and Kashmir,Adventure,7.809939225539317,Apr-Jun,,,
641.0,44.0,670.0,2024-02-15,5.0,Arjun,arjun@example.com,"Nature, Adventure",Male,2.0,2.0,Mount Rwenzori,Jammu and Kashmir,Adventure,7.809939225539317,Apr-Jun,,,
222.0,723.0,670.0,2024-03-20,2.0,Aanya,aanya@example.com,"City, Historical",Female,1.0,2.0,Mount Rwenzori,Jammu and Kashmir,Adventure,7.809939225539317,Apr-Jun,,,
,,671.0,,,,,,,,,Murchison Falls,Masindi,Historical,9.406991630850325,Nov-Feb,,,
,,672.0,,,,,,,,,Zanzibar Beaches,Zanzibar,Beach,7.687336809771084,Nov-Mar,,,
,,673.0,,,,,,,,,Kampala City,Kampala,City,7.818407810021514,Oct-Mar,,,
799.0,20.0,674.0,2024-01-01,4.0,Meera,meera@example.com,"Nature, Adventure",Female,2.0,0.0,Lake Bunyonyi,Kabale,Nature,8.000500722385876,Sep-Mar,,,
94.0,291.0,675.0,2024-01-01,1.0,Arjun,arjun@example.com,"City, Historical",Male,2.0,1.0,Mount Rwenzori,Jammu and Kashmir,Adventure,8.944718004457487,Apr-Jun,,,
841.0,234.0,676.0,2024-01-01,1.0,Ritvik,ritvik@example.com,"City, Historical",Male,1.0,0.0,Murchison Falls,Masindi,Historical,9.263552559071387,Nov-Feb,,,
375.0,454.0,676.0,2024-03-20,2.0,Hitesh,hitesh@example.com,"Beaches, Historical",Male,2.0,0.0,Murchison Falls,Masindi,Historical,9.263552559071387,Nov-Feb,,,
445.0,733.0,676.0,2024-01-01,5.0,Kavya,kavya@example.com,"Beaches, Historical",Female,1.0,1.0,Murchison Falls,Masindi,Historical,9.263552559071387,Nov-Feb,,,
720.0,849.0,676.0,2024-03-20,2.0,Tanvi,tanvi@example.com,"City, Historical",Female,1.0,0.0,Murchison Falls,Masindi,Historical,9.263552559071387,Nov-Feb,,,
172.0,902.0,676.0,2024-01-01,2.0,Anika,anika@example.com,"Nature, Adventure",Female,2.0,2.0,Murchison Falls,Masindi,Historical,9.263552559071387,Nov-Feb,,,
220.0,530.0,677.0,2024-01-01,4.0,Anika,anika@example.com,"Nature, Adventure",Female,2.0,0.0,Zanzibar Beaches,Zanzibar,Beach,8.565346616052354,Nov-Mar,,,
405.0,747.0,677.0,2024-03-20,1.0,Isha,isha@example.com,"City, Historical",Female,1.0,0.0,Zanzibar Beaches,Zanzibar,Beach,8.565346616052354,Nov-Mar,,,
603.0,54.0,678.0,2024-03-20,2.0,Dhruv,dhruv@example.com,"City, Historical",Male,2.0,0.0,Kampala City,Kampala,City,8.104480470792156,Oct-Mar,,,
254.0,359.0,678.0,2024-02-15,2.0,Ishaan,ishaan@example.com,"Nature, Adventure",Male,2.0,1.0,Kampala City,Kampala,City,8.104480470792156,Oct-Mar,,,
532.0,591.0,679.0,2024-01-01,4.0,Hitesh,hitesh@example.com,"City, Historical",Male,1.0,1.0,Lake Bunyonyi,Kabale,Nature,7.841584036663998,Sep-Mar,,,
,,680.0,,,,,,,,,Mount Rwenzori,Jammu and Kashmir,Adventure,9.159638354049664,Apr-Jun,,,
,,681.0,,,,,,,,,Murchison Falls,Masindi,Historical,8.748130652752925,Nov-Feb,,,
61.0,290.0,682.0,2024-01-01,1.0,Riya,riya@example.com,"Nature, Adventure",Female,2.0,1.0,Zanzibar Beaches,Zanzibar,Beach,8.57790096253945,Nov-Mar,,,
246.0,976.0,683.0,2024-03-20,3.0,Aditya,aditya@example.com,"Beaches, Historical",Male,1.0,1.0,Kampala City,Kampala,City,8.419040819940108,Oct-Mar,,,
208.0,539.0,684.0,2024-01-01,1.0,Aarav,aarav@example.com,"Nature, Adventure",Male,1.0,2.0,Lake Bunyonyi,Kabale,Nature,9.465996074743892,Sep-Mar,,,
888.0,333.0,685.0,2024-03-20,5.0,Anika,anika@example.com,"City, Historical",Female,2.0,0.0,Mount Rwenzori,Jammu and Kashmir,Adventure,7.598827165312162,Apr-Jun,,,
535.0,572.0,685.0,2024-01-01,3.0,Meera,meera@example.com,"Nature, Adventure",Female,2.0,2.0,Mount Rwenzori,Jammu and Kashmir,Adventure,7.598827165312162,Apr-Jun,,,
,,686.0,,,,,,,,,Murchison Falls,Masindi,Historical,8.260858751837267,Nov-Feb,,,
,,687.0,,,,,,,,,Zanzibar Beaches,Zanzibar,Beach,8.036441481700162,Nov-Mar,,,
564.0,930.0,688.0,2024-03-20,2.0,Aarav,aarav@example.com,"City, Historical",Male,2.0,1.0,Kampala City,Kampala,City,8.056619012437265,Oct-Mar,,,
180.0,868.0,689.0,2024-03-20,4.0,Pooja,pooja@example.com,"Beaches, Historical",Female,2.0,0.0,Lake Bunyonyi,Kabale,Nature,8.133852314473286,Sep-Mar,,,
621.0,239.0,690.0,2024-03-20,5.0,Aarav,aarav@example.com,"Nature, Adventure",Male,2.0,0.0,Mount Rwenzori,Jammu and Kashmir,Adventure,8.195260134545546,Apr-Jun,,,
871.0,112.0,691.0,2024-01-01,5.0,Karan,karan@example.com,"Beaches, Historical",Male,1.0,2.0,Murchison Falls,Masindi,Historical,8.887068416502617,Nov-Feb,,,
971.0,740.0,692.0,2024-02-15,3.0,Isha,isha@example.com,"Nature, Adventure",Female,1.0,1.0,Zanzibar Beaches,Zanzibar,Beach,8.822980009436904,Nov-Mar,,,
,,693.0,,,,,,,,,Kampala City,Kampala,City,8.397475308756675,Oct-Mar,,,
181.0,608.0,694.0,2024-01-01,1.0,Ritvik,ritvik@example.com,"Nature, Adventure",Male,1.0,0.0,Lake Bunyonyi,Kabale,Nature,9.22776324553234,Sep-Mar,,,
,,695.0,,,,,,,,,Mount Rwenzori,Jammu and Kashmir,Adventure,9.288646088702306,Apr-Jun,,,
463.0,368.0,696.0,2024-01-01,3.0,Ritvik,ritvik@example.com,"Nature, Adventure",Male,1.0,0.0,Murchison Falls,Masindi,Historical,8.627961321716496,Nov-Feb,,,
984.0,286.0,697.0,2024-03-20,2.0,Vivaan,vivaan@example.com,"Beaches, Historical",Male,2.0,2.0,Zanzibar Beaches,Zanzibar,Beach,8.419227436314172,Nov-Mar,,,
263.0,166.0,698.0,2024-02-15,1.0,Hitesh,hitesh@example.com,"Beaches, Historical",Male,2.0,0.0,Kampala City,Kampala,City,8.305889899010864,Oct-Mar,,,
356.0,572.0,699.0,2024-02-15,4.0,Meera,meera@example.com,"Nature, Adventure",Female,2.0,2.0,Lake Bunyonyi,Kabale,Nature,7.6569626144692755,Sep-Mar,,,
960.0,240.0,700.0,2024-03-20,1.0,Tanvi,tanvi@example.com,"City, Historical",Female,1.0,2.0,Mount Rwenzori,Jammu and Kashmir,Adventure,8.87865289903948,Apr-Jun,,,
257.0,15.0,701.0,2024-02-15,2.0,Karan,karan@example.com,"City, Historical",Male,1.0,2.0,Murchison Falls,Masindi,Historical,8.814028636189173,Nov-Feb,,,
502.0,27.0,702.0,2024-01-01,5.0,Diya,diya@example.com,"City, Historical",Female,2.0,2.0,Zanzibar Beaches,Zanzibar,Beach,9.111768717459087,Nov-Mar,,,
610.0,944.0,702.0,2024-01-01,3.0,Riya,riya@example.com,"Nature, Adventure",Female,2.0,0.0,Zanzibar Beaches,Zanzibar,Beach,9.111768717459087,Nov-Mar,,,
,,703.0,,,,,,,,,Kampala City,Kampala,City,8.56369804176352,Oct-Mar,,,
,,704.0,,,,,,,,,Lake Bunyonyi,Kabale,Nature,7.917510991611324,Sep-Mar,,,
963.0,711.0,705.0,2024-03-20,5.0,Hitesh,hitesh@example.com,"City, Historical",Male,2.0,1.0,Mount Rwenzori,Jammu and Kashmir,Adventure,8.371945150547274,Apr-Jun,,,
543.0,678.0,706.0,2024-03-20,3.0,Meera,meera@example.com,"City, Historical",Female,2.0,2.0,Murchison Falls,Masindi,Historical,9.023746389658204,Nov-Feb,,,
248.0,141.0,707.0,2024-02-15,2.0,Meera,meera@example.com,"City, Historical",Female,2.0,1.0,Zanzibar Beaches,Zanzibar,Beach,8.629118750166763,Nov-Mar,,,
,,708.0,,,,,,,,,Kampala City,Kampala,City,8.844219597824981,Oct-Mar,,,
182.0,146.0,709.0,2024-02-15,2.0,Meera,meera@example.com,"Nature, Adventure",Female,1.0,1.0,Lake Bunyonyi,Kabale,Nature,9.155527396194914,Sep-Mar,,,
,,710.0,,,,,,,,,Mount Rwenzori,Jammu and Kashmir,Adventure,9.03152474709979,Apr-Jun,,,
919.0,619.0,711.0,2024-01-01,1.0,Aditya,aditya@example.com,"Beaches, Historical",Male,1.0,0.0,Murchison Falls,Masindi,Historical,8.636551596129936,Nov-Feb,,,
651.0,937.0,712.0,2024-03-20,1.0,Riya,riya@example.com,"Beaches, Historical",Female,2.0,2.0,Zanzibar Beaches,Zanzibar,Beach,8.810464389396717,Nov-Mar,,,
,,713.0,,,,,,,,,Kampala City,Kampala,City,8.24455368678293,Oct-Mar,,,
754.0,72.0,714.0,2024-01-01,3.0,Aarav,aarav@example.com,"City, Historical",Male,2.0,1.0,Lake Bunyonyi,Kabale,Nature,8.655670235424626,Sep-Mar,,,
211.0,211.0,714.0,2024-01-01,3.0,Anika,anika@example.com,"Beaches, Historical",Female,2.0,2.0,Lake Bunyonyi,Kabale,Nature,8.655670235424626,Sep-Mar,,,
13.0,469.0,715.0,2024-01-01,3.0,Ishaan,ishaan@example.com,"Beaches, Historical",Male,2.0,0.0,Mount Rwenzori,Jammu and Kashmir,Adventure,8.402277983035928,Apr-Jun,,,
,,716.0,,,,,,,,,Murchison Falls,Masindi,Historical,8.878654587888997,Nov-Feb,,,
744.0,187.0,717.0,2024-03-20,4.0,Isha,isha@example.com,"Beaches, Historical",Female,1.0,0.0,Zanzibar Beaches,Zanzibar,Beach,8.367306496099209,Nov-Mar,,,
674.0,654.0,718.0,2024-02-15,2.0,Aanya,aanya@example.com,"City, Historical",Female,2.0,0.0,Kampala City,Kampala,City,9.203460228257162,Oct-Mar,,,
158.0,621.0,719.0,2024-02-15,5.0,Aanya,aanya@example.com,"City, Historical",Female,2.0,0.0,Lake Bunyonyi,Kabale,Nature,8.603678777019319,Sep-Mar,,,
337.0,153.0,720.0,2024-01-01,4.0,Meera,meera@example.com,"City, Historical",Female,1.0,0.0,Mount Rwenzori,Jammu and Kashmir,Adventure,8.034817273030939,Apr-Jun,,,
854.0,258.0,721.0,2024-02-15,1.0,Hitesh,hitesh@example.com,"City, Historical",Male,2.0,1.0,Murchison Falls,Masindi,Historical,8.931632119904084,Nov-Feb,,,
,,722.0,,,,,,,,,Zanzibar Beaches,Zanzibar,Beach,9.389779698220083,Nov-Mar,,,
91.0,331.0,723.0,2024-01-01,2.0,Rohan,rohan@example.com,"Beaches, Historical",Male,1.0,2.0,Kampala City,Kampala,City,8.279131951554369,Oct-Mar,,,
588.0,718.0,723.0,2024-03-20,4.0,Rohan,rohan@example.com,"Beaches, Historical",Male,2.0,1.0,Kampala City,Kampala,City,8.279131951554369,Oct-Mar,,,
946.0,411.0,724.0,2024-01-01,5.0,Dhruv,dhruv@example.com,"City, Historical",Male,2.0,2.0,Lake Bunyonyi,Kabale,Nature,7.925686613406978,Sep-Mar,,,
499.0,23.0,725.0,2024-01-01,3.0,Arjun,arjun@example.com,"Nature, Adventure",Male,2.0,1.0,Mount Rwenzori,Jammu and Kashmir,Adventure,9.339552233237942,Apr-Jun,,,
491.0,434.0,725.0,2024-02-15,3.0,Tanvi,tanvi@example.com,"Nature, Adventure",Female,2.0,2.0,Mount Rwenzori,Jammu and Kashmir,Adventure,9.339552233237942,Apr-Jun,,,
689.0,651.0,725.0,2024-02-15,2.0,Aarav,aarav@example.com,"City, Historical",Male,2.0,0.0,Mount Rwenzori,Jammu and Kashmir,Adventure,9.339552233237942,Apr-Jun,,,
964.0,913.0,726.0,2024-01-01,3.0,Dhruv,dhruv@example.com,"Beaches, Historical",Male,1.0,1.0,Murchison Falls,Masindi,Historical,8.182156495747552,Nov-Feb,,,
716.0,209.0,727.0,2024-02-15,1.0,Hitesh,hitesh@example.com,"Nature, Adventure",Male,1.0,1.0,Zanzibar Beaches,Zanzibar,Beach,7.714387334549871,Nov-Mar,,,
10.0,876.0,727.0,2024-01-01,4.0,Ritvik,ritvik@example.com,"City, Historical",Male,2.0,2.0,Zanzibar Beaches,Zanzibar,Beach,7.714387334549871,Nov-Mar,,,
592.0,905.0,727.0,2024-01-01,2.0,Anika,anika@example.com,"Nature, Adventure",Female,1.0,2.0,Zanzibar Beaches,Zanzibar,Beach,7.714387334549871,Nov-Mar,,,
563.0,197.0,728.0,2024-02-15,4.0,Anika,anika@example.com,"Nature, Adventure",Female,1.0,1.0,Kampala City,Kampala,City,9.09930562784097,Oct-Mar,,,
,,729.0,,,,,,,,,Lake Bunyonyi,Kabale,Nature,8.569879157443847,Sep-Mar,,,
468.0,466.0,730.0,2024-03-20,5.0,Isha,isha@example.com,"Beaches, Historical",Female,1.0,2.0,Mount Rwenzori,Jammu and Kashmir,Adventure,7.896272170257733,Apr-Jun,,,
775.0,265.0,731.0,2024-01-01,1.0,Dhruv,dhruv@example.com,"Beaches, Historical",Male,1.0,0.0,Murchison Falls,Masindi,Historical,9.20644321253904,Nov-Feb,,,
860.0,291.0,732.0,2024-02-15,3.0,Arjun,arjun@example.com,"City, Historical",Male,2.0,1.0,Zanzibar Beaches,Zanzibar,Beach,8.465381843255685,Nov-Mar,,,
909.0,727.0,732.0,2024-03-20,2.0,Aanya,aanya@example.com,"Beaches, Historical",Female,1.0,1.0,Zanzibar Beaches,Zanzibar,Beach,8.465381843255685,Nov-Mar,,,
34.0,878.0,732.0,2024-01-01,1.0,Meera,meera@example.com,"Nature, Adventure",Female,1.0,2.0,Zanzibar Beaches,Zanzibar,Beach,8.465381843255685,Nov-Mar,,,
503.0,944.0,732.0,2024-02-15,3.0,Riya,riya@example.com,"Nature, Adventure",Female,2.0,0.0,Zanzibar Beaches,Zanzibar,Beach,8.465381843255685,Nov-Mar,,,
,,733.0,,,,,,,,,Kampala City,Kampala,City,8.703584273601871,Oct-Mar,,,
35.0,951.0,734.0,2024-02-15,4.0,Karan,karan@example.com,"City, Historical",Male,1.0,2.0,Lake Bunyonyi,Kabale,Nature,8.248600725902943,Sep-Mar,,,
905.0,764.0,735.0,2024-02-15,3.0,Riya,riya@example.com,"Nature, Adventure",Female,2.0,1.0,Mount Rwenzori,Jammu and Kashmir,Adventure,8.514869186476712,Apr-Jun,,,
,,736.0,,,,,,,,,Murchison Falls,Masindi,Historical,9.088805186403164,Nov-Feb,,,
493.0,108.0,737.0,2024-01-01,2.0,Aarav,aarav@example.com,"City, Historical",Male,2.0,0.0,Zanzibar Beaches,Zanzibar,Beach,9.413701353656403,Nov-Mar,,,
,,738.0,,,,,,,,,Kampala City,Kampala,City,8.053822692109417,Oct-Mar,,,
129.0,762.0,739.0,2024-03-20,1.0,Isha,isha@example.com,"City, Historical",Female,2.0,0.0,Lake Bunyonyi,Kabale,Nature,8.372037385587443,Sep-Mar,,,
,,740.0,,,,,,,,,Mount Rwenzori,Jammu and Kashmir,Adventure,9.263891738676694,Apr-Jun,,,
,,741.0,,,,,,,,,Murchison Falls,Masindi,Historical,7.72777553164018,Nov-Feb,,,
,,742.0,,,,,,,,,Zanzibar Beaches,Zanzibar,Beach,8.532765536915521,Nov-Mar,,,
,,743.0,,,,,,,,,Kampala City,Kampala,City,7.727596682180292,Oct-Mar,,,
,,744.0,,,,,,,,,Lake Bunyonyi,Kabale,Nature,8.203211682328114,Sep-Mar,,,
,,745.0,,,,,,,,,Mount Rwenzori,Jammu and Kashmir,Adventure,7.933373924579141,Apr-Jun,,,
,,746.0,,,,,,,,,Murchison Falls,Masindi,Historical,9.059361289382425,Nov-Feb,,,
749.0,63.0,747.0,2024-02-15,2.0,Arjun,arjun@example.com,"City, Historical",Male,2.0,0.0,Zanzibar Beaches,Zanzibar,Beach,8.350906820188296,Nov-Mar,,,
663.0,647.0,748.0,2024-03-20,1.0,Riya,riya@example.com,"Nature, Adventure",Female,2.0,1.0,Kampala City,Kampala,City,8.719936425969232,Oct-Mar,,,
465.0,723.0,748.0,2024-03-20,3.0,Aanya,aanya@example.com,"City, Historical",Female,1.0,2.0,Kampala City,Kampala,City,8.719936425969232,Oct-Mar,,,
133.0,944.0,749.0,2024-01-01,4.0,Riya,riya@example.com,"Nature, Adventure",Female,2.0,0.0,Lake Bunyonyi,Kabale,Nature,8.931736559795393,Sep-Mar,,,
670.0,865.0,750.0,2024-01-01,2.0,Aditya,aditya@example.com,"Beaches, Historical",Male,2.0,1.0,Mount Rwenzori,Jammu and Kashmir,Adventure,8.956458952804828,Apr-Jun,,,
,,751.0,,,,,,,,,Murchison Falls,Masindi,Historical,7.790538404306647,Nov-Feb,,,
234.0,429.0,752.0,2024-03-20,4.0,Anika,anika@example.com,"City, Historical",Female,1.0,0.0,Zanzibar Beaches,Zanzibar,Beach,8.539108136038704,Nov-Mar,,,
156.0,250.0,753.0,2024-03-20,2.0,Ishaan,ishaan@example.com,"Beaches, Historical",Male,1.0,0.0,Kampala City,Kampala,City,8.594748337394,Oct-Mar,,,
165.0,916.0,753.0,2024-03-20,1.0,Pooja,pooja@example.com,"Beaches, Historical",Female,1.0,2.0,Kampala City,Kampala,City,8.594748337394,Oct-Mar,,,
364.0,987.0,754.0,2024-01-01,5.0,Meera,meera@example.com,"City, Historical",Female,2.0,2.0,Lake Bunyonyi,Kabale,Nature,8.084015245138538,Sep-Mar,,,
,,755.0,,,,,,,,,Mount Rwenzori,Jammu and Kashmir,Adventure,7.734281734271488,Apr-Jun,,,
903.0,325.0,756.0,2024-03-20,4.0,Hitesh,hitesh@example.com,"Beaches, Historical",Male,1.0,2.0,Murchison Falls,Masindi,Historical,8.54760827518156,Nov-Feb,,,
336.0,653.0,756.0,2024-03-20,4.0,Aarav,aarav@example.com,"Nature, Adventure",Male,2.0,1.0,Murchison Falls,Masindi,Historical,8.54760827518156,Nov-Feb,,,
899.0,268.0,757.0,2024-02-15,1.0,Meera,meera@example.com,"Beaches, Historical",Female,1.0,1.0,Zanzibar Beaches,Zanzibar,Beach,7.644463430707246,Nov-Mar,,,
351.0,584.0,757.0,2024-03-20,3.0,Rohan,rohan@example.com,"Nature, Adventure",Male,1.0,2.0,Zanzibar Beaches,Zanzibar,Beach,7.644463430707246,Nov-Mar,,,
,,758.0,,,,,,,,,Kampala City,Kampala,City,9.12139535266794,Oct-Mar,,,
,,759.0,,,,,,,,,Lake Bunyonyi,Kabale,Nature,8.72751759235414,Sep-Mar,,,
1.0,525.0,760.0,2024-01-01,3.0,Saanvi,saanvi@example.com,"City, Historical",Female,2.0,2.0,Mount Rwenzori,Jammu and Kashmir,Adventure,8.352180026398809,Apr-Jun,,,
601.0,578.0,761.0,2024-01-01,1.0,Tanvi,tanvi@example.com,"Nature, Adventure",Female,2.0,1.0,Murchison Falls,Masindi,Historical,9.36014231646272,Nov-Feb,,,
643.0,850.0,761.0,2024-01-01,4.0,Hitesh,hitesh@example.com,"Beaches, Historical",Male,2.0,0.0,Murchison Falls,Masindi,Historical,9.36014231646272,Nov-Feb,,,
,,762.0,,,,,,,,,Zanzibar Beaches,Zanzibar,Beach,8.147811499679674,Nov-Mar,,,
168.0,544.0,763.0,2024-03-20,5.0,Pooja,pooja@example.com,"Beaches, Historical",Female,1.0,1.0,Kampala City,Kampala,City,8.90257550420428,Oct-Mar,,,
863.0,17.0,764.0,2024-02-15,3.0,Aanya,aanya@example.com,"Nature, Adventure",Female,1.0,2.0,Lake Bunyonyi,Kabale,Nature,8.506724060467622,Sep-Mar,,,
,,765.0,,,,,,,,,Mount Rwenzori,Jammu and Kashmir,Adventure,8.62458625744304,Apr-Jun,,,
106.0,756.0,766.0,2024-01-01,1.0,Arjun,arjun@example.com,"City, Historical",Male,1.0,2.0,Murchison Falls,Masindi,Historical,8.145328815121932,Nov-Feb,,,
944.0,271.0,767.0,2024-02-15,2.0,Ritvik,ritvik@example.com,"Beaches, Historical",Male,2.0,1.0,Zanzibar Beaches,Zanzibar,Beach,8.24362221802096,Nov-Mar,,,
345.0,971.0,767.0,2024-03-20,2.0,Diya,diya@example.com,"Nature, Adventure",Female,2.0,2.0,Zanzibar Beaches,Zanzibar,Beach,8.24362221802096,Nov-Mar,,,
772.0,185.0,768.0,2024-01-01,3.0,Meera,meera@example.com,"Nature, Adventure",Female,2.0,1.0,Kampala City,Kampala,City,7.596634440314337,Oct-Mar,,,
773.0,830.0,768.0,2024-02-15,2.0,Arjun,arjun@example.com,"Nature, Adventure",Male,1.0,0.0,Kampala City,Kampala,City,7.596634440314337,Oct-Mar,,,
,,769.0,,,,,,,,,Lake Bunyonyi,Kabale,Nature,7.57663598347406,Sep-Mar,,,
810.0,929.0,770.0,2024-03-20,3.0,Aarav,aarav@example.com,"Nature, Adventure",Male,1.0,1.0,Mount Rwenzori,Jammu and Kashmir,Adventure,9.08102960007878,Apr-Jun,,,
786.0,964.0,771.0,2024-03-20,2.0,Saanvi,saanvi@example.com,"Beaches, Historical",Female,1.0,0.0,Murchison Falls,Masindi,Historical,8.129988976860952,Nov-Feb,,,
783.0,274.0,772.0,2024-03-20,4.0,Aarav,aarav@example.com,"Beaches, Historical",Male,1.0,2.0,Zanzibar Beaches,Zanzibar,Beach,9.13732713238196,Nov-Mar,,,
570.0,684.0,772.0,2024-03-20,2.0,Aditya,aditya@example.com,"City, Historical",Male,1.0,0.0,Zanzibar Beaches,Zanzibar,Beach,9.13732713238196,Nov-Mar,,,
522.0,657.0,773.0,2024-03-20,5.0,Dhruv,dhruv@example.com,"City, Historical",Male,1.0,0.0,Kampala City,Kampala,City,8.784997932243503,Oct-Mar,,,
253.0,201.0,774.0,2024-01-01,3.0,Rohan,rohan@example.com,"City, Historical",Male,2.0,1.0,Lake Bunyonyi,Kabale,Nature,8.038663649202402,Sep-Mar,,,
474.0,292.0,775.0,2024-03-20,2.0,Rohan,rohan@example.com,"Beaches, Historical",Male,2.0,2.0,Mount Rwenzori,Jammu and Kashmir,Adventure,8.079156318407351,Apr-Jun,,,
204.0,593.0,775.0,2024-03-20,1.0,Kavya,kavya@example.com,"Nature, Adventure",Female,1.0,0.0,Mount Rwenzori,Jammu and Kashmir,Adventure,8.079156318407351,Apr-Jun,,,
847.0,706.0,776.0,2024-01-01,2.0,Kavya,kavya@example.com,"Beaches, Historical",Female,2.0,0.0,Murchison Falls,Masindi,Historical,8.459363313306993,Nov-Feb,,,
,,777.0,,,,,,,,,Zanzibar Beaches,Zanzibar,Beach,9.046231352406494,Nov-Mar,,,
,,778.0,,,,,,,,,Kampala City,Kampala,City,9.200907306361843,Oct-Mar,,,
12.0,989.0,779.0,2024-03-20,4.0,Ritvik,ritvik@example.com,"Nature, Adventure",Male,2.0,1.0,Lake Bunyonyi,Kabale,Nature,8.861507015552508,Sep-Mar,,,
,,780.0,,,,,,,,,Mount Rwenzori,Jammu and Kashmir,Adventure,9.291685937704914,Apr-Jun,,,
,,781.0,,,,,,,,,Murchison Falls,Masindi,Historical,8.531079521858732,Nov-Feb,,,
875.0,872.0,782.0,2024-02-15,1.0,Hitesh,hitesh@example.com,"Nature, Adventure",Male,1.0,1.0,Zanzibar Beaches,Zanzibar,Beach,8.99783225118662,Nov-Mar,,,
,,783.0,,,,,,,,,Kampala City,Kampala,City,8.528348193854123,Oct-Mar,,,
622.0,174.0,784.0,2024-01-01,1.0,Hitesh,hitesh@example.com,"City, Historical",Male,1.0,1.0,Lake Bunyonyi,Kabale,Nature,8.317882740052342,Sep-Mar,,,
461.0,319.0,784.0,2024-02-15,4.0,Pooja,pooja@example.com,"Beaches, Historical",Female,2.0,1.0,Lake Bunyonyi,Kabale,Nature,8.317882740052342,Sep-Mar,,,
477.0,335.0,785.0,2024-03-20,4.0,Saanvi,saanvi@example.com,"Nature, Adventure",Female,2.0,2.0,Mount Rwenzori,Jammu and Kashmir,Adventure,9.366933345133754,Apr-Jun,,,
969.0,379.0,786.0,2024-03-20,2.0,Isha,isha@example.com,"Beaches, Historical",Female,1.0,2.0,Murchison Falls,Masindi,Historical,8.389205905418272,Nov-Feb,,,
313.0,715.0,786.0,2024-01-01,2.0,Pooja,pooja@example.com,"Beaches, Historical",Female,1.0,2.0,Murchison Falls,Masindi,Historical,8.389205905418272,Nov-Feb,,,
3.0,897.0,786.0,2024-03-20,2.0,Pooja,pooja@example.com,"City, Historical",Female,1.0,2.0,Murchison Falls,Masindi,Historical,8.389205905418272,Nov-Feb,,,
778.0,912.0,786.0,2024-01-01,3.0,Aarav,aarav@example.com,"City, Historical",Male,1.0,1.0,Murchison Falls,Masindi,Historical,8.389205905418272,Nov-Feb,,,
,,787.0,,,,,,,,,Zanzibar Beaches,Zanzibar,Beach,9.44212563021952,Nov-Mar,,,
244.0,461.0,788.0,2024-01-01,4.0,Saanvi,saanvi@example.com,"Nature, Adventure",Female,1.0,0.0,Kampala City,Kampala,City,8.223627062910356,Oct-Mar,,,
,,789.0,,,,,,,,,Lake Bunyonyi,Kabale,Nature,8.174235795355958,Sep-Mar,,,
,,790.0,,,,,,,,,Mount Rwenzori,Jammu and Kashmir,Adventure,9.157720701508042,Apr-Jun,,,
687.0,934.0,791.0,2024-03-20,1.0,Saanvi,saanvi@example.com,"Beaches, Historical",Female,2.0,2.0,Murchison Falls,Masindi,Historical,9.42168809807716,Nov-Feb,,,
,,792.0,,,,,,,,,Zanzibar Beaches,Zanzibar,Beach,7.50562874119151,Nov-Mar,,,
498.0,527.0,793.0,2024-03-20,2.0,Karan,karan@example.com,"Nature, Adventure",Male,1.0,2.0,Kampala City,Kampala,City,7.781580260307882,Oct-Mar,,,
,,794.0,,,,,,,,,Lake Bunyonyi,Kabale,Nature,8.531159787998941,Sep-Mar,,,
972.0,655.0,795.0,2024-03-20,5.0,Kavya,kavya@example.com,"Beaches, Historical",Female,1.0,1.0,Mount Rwenzori,Jammu and Kashmir,Adventure,8.189514727765914,Apr-Jun,,,
47.0,891.0,796.0,2024-02-15,3.0,Karan,karan@example.com,"City, Historical",Male,1.0,1.0,Murchison Falls,Masindi,Historical,9.243698788707544,Nov-Feb,,,
141.0,298.0,797.0,2024-03-20,4.0,Riya,riya@example.com,"Beaches, Historical",Female,1.0,2.0,Zanzibar Beaches,Zanzibar,Beach,9.120638441373126,Nov-Mar,,,
,,798.0,,,,,,,,,Kampala City,Kampala,City,7.608875043089363,Oct-Mar,,,
975.0,752.0,799.0,2024-03-20,3.0,Vivaan,vivaan@example.com,"Nature, Adventure",Male,1.0,2.0,Lake Bunyonyi,Kabale,Nature,9.078902378388406,Sep-Mar,,,
441.0,779.0,799.0,2024-03-20,1.0,Diya,diya@example.com,"Nature, Adventure",Female,2.0,1.0,Lake Bunyonyi,Kabale,Nature,9.078902378388406,Sep-Mar,,,
925.0,379.0,800.0,2024-01-01,3.0,Isha,isha@example.com,"Beaches, Historical",Female,1.0,2.0,Mount Rwenzori,Jammu and Kashmir,Adventure,7.972030910129,Apr-Jun,,,
991.0,978.0,800.0,2024-01-01,1.0,Pooja,pooja@example.com,"City, Historical",Female,2.0,1.0,Mount Rwenzori,Jammu and Kashmir,Adventure,7.972030910129,Apr-Jun,,,
851.0,74.0,801.0,2024-02-15,1.0,Hitesh,hitesh@example.com,"Nature, Adventure",Male,1.0,1.0,Murchison Falls,Masindi,Historical,9.157148625977571,Nov-Feb,,,
268.0,585.0,801.0,2024-01-01,4.0,Hitesh,hitesh@example.com,"City, Historical",Male,2.0,1.0,Murchison Falls,Masindi,Historical,9.157148625977571,Nov-Feb,,,
,,802.0,,,,,,,,,Zanzibar Beaches,Zanzibar,Beach,9.41083109431862,Nov-Mar,,,
96.0,77.0,803.0,2024-03-20,5.0,Arjun,arjun@example.com,"Nature, Adventure",Male,2.0,0.0,Kampala City,Kampala,City,9.31045957210701,Oct-Mar,,,
879.0,299.0,803.0,2024-03-20,4.0,Isha,isha@example.com,"Nature, Adventure",Female,2.0,1.0,Kampala City,Kampala,City,9.31045957210701,Oct-Mar,,,
537.0,635.0,803.0,2024-03-20,4.0,Arjun,arjun@example.com,"Nature, Adventure",Male,1.0,0.0,Kampala City,Kampala,City,9.31045957210701,Oct-Mar,,,
76.0,537.0,804.0,2024-01-01,5.0,Hitesh,hitesh@example.com,"City, Historical",Male,2.0,0.0,Lake Bunyonyi,Kabale,Nature,8.208242452766306,Sep-Mar,,,
25.0,81.0,805.0,2024-01-01,3.0,Isha,isha@example.com,"City, Historical",Female,1.0,2.0,Mount Rwenzori,Jammu and Kashmir,Adventure,8.410141709638284,Apr-Jun,,,
281.0,321.0,805.0,2024-02-15,4.0,Tanvi,tanvi@example.com,"City, Historical",Female,2.0,2.0,Mount Rwenzori,Jammu and Kashmir,Adventure,8.410141709638284,Apr-Jun,,,
942.0,568.0,805.0,2024-03-20,5.0,Saanvi,saanvi@example.com,"Beaches, Historical",Female,2.0,0.0,Mount Rwenzori,Jammu and Kashmir,Adventure,8.410141709638284,Apr-Jun,,,
150.0,782.0,805.0,2024-03-20,3.0,Aditya,aditya@example.com,"Nature, Adventure",Male,1.0,0.0,Mount Rwenzori,Jammu and Kashmir,Adventure,8.410141709638284,Apr-Jun,,,
201.0,888.0,805.0,2024-03-20,2.0,Riya,riya@example.com,"City, Historical",Female,2.0,0.0,Mount Rwenzori,Jammu and Kashmir,Adventure,8.410141709638284,Apr-Jun,,,
765.0,305.0,806.0,2024-03-20,1.0,Aanya,aanya@example.com,"Nature, Adventure",Female,1.0,0.0,Murchison Falls,Masindi,Historical,8.576757876815993,Nov-Feb,,,
212.0,746.0,807.0,2024-02-15,5.0,Pooja,pooja@example.com,"Nature, Adventure",Female,2.0,1.0,Zanzibar Beaches,Zanzibar,Beach,9.178994029748877,Nov-Mar,,,
686.0,55.0,808.0,2024-02-15,3.0,Aanya,aanya@example.com,"Beaches, Historical",Female,2.0,0.0,Kampala City,Kampala,City,8.01406881114496,Oct-Mar,,,
745.0,208.0,808.0,2024-01-01,3.0,Karan,karan@example.com,"Beaches, Historical",Male,1.0,2.0,Kampala City,Kampala,City,8.01406881114496,Oct-Mar,,,
,,809.0,,,,,,,,,Lake Bunyonyi,Kabale,Nature,7.8442566698712035,Sep-Mar,,,
,,810.0,,,,,,,,,Mount Rwenzori,Jammu and Kashmir,Adventure,8.161053310539785,Apr-Jun,,,
692.0,999.0,811.0,2024-02-15,3.0,Hitesh,hitesh@example.com,"City, Historical",Male,2.0,2.0,Murchison Falls,Masindi,Historical,9.393805813478073,Nov-Feb,,,
,,812.0,,,,,,,,,Zanzibar Beaches,Zanzibar,Beach,9.006784740288401,Nov-Mar,,,
818.0,906.0,813.0,2024-02-15,3.0,Arjun,arjun@example.com,"City, Historical",Male,1.0,1.0,Kampala City,Kampala,City,8.336255248752801,Oct-Mar,,,
586.0,516.0,814.0,2024-01-01,1.0,Aditya,aditya@example.com,"City, Historical",Male,1.0,1.0,Lake Bunyonyi,Kabale,Nature,7.589205999248015,Sep-Mar,,,
57.0,882.0,814.0,2024-03-20,1.0,Vivaan,vivaan@example.com,"City, Historical",Male,1.0,1.0,Lake Bunyonyi,Kabale,Nature,7.589205999248015,Sep-Mar,,,
,,815.0,,,,,,,,,Mount Rwenzori,Jammu and Kashmir,Adventure,9.220824441474456,Apr-Jun,,,
,,816.0,,,,,,,,,Murchison Falls,Masindi,Historical,9.423987379093196,Nov-Feb,,,
,,817.0,,,,,,,,,Zanzibar Beaches,Zanzibar,Beach,7.999026975129425,Nov-Mar,,,
981.0,135.0,818.0,2024-03-20,4.0,Meera,meera@example.com,"City, Historical",Female,1.0,2.0,Kampala City,Kampala,City,8.385706717073933,Oct-Mar,,,
324.0,688.0,818.0,2024-03-20,2.0,Kavya,kavya@example.com,"Beaches, Historical",Female,2.0,1.0,Kampala City,Kampala,City,8.385706717073933,Oct-Mar,,,
,,819.0,,,,,,,,,Lake Bunyonyi,Kabale,Nature,7.562622503552138,Sep-Mar,,,
,,820.0,,,,,,,,,Mount Rwenzori,Jammu and Kashmir,Adventure,8.772244496732984,Apr-Jun,,,
857.0,475.0,821.0,2024-02-15,5.0,Karan,karan@example.com,"Beaches, Historical",Male,1.0,1.0,Murchison Falls,Masindi,Historical,8.853137683108654,Nov-Feb,,,
,,822.0,,,,,,,,,Zanzibar Beaches,Zanzibar,Beach,9.22889675552697,Nov-Mar,,,
894.0,461.0,823.0,2024-03-20,2.0,Saanvi,saanvi@example.com,"Nature, Adventure",Female,1.0,0.0,Kampala City,Kampala,City,8.501224868997667,Oct-Mar,,,
519.0,528.0,824.0,2024-03-20,1.0,Isha,isha@example.com,"City, Historical",Female,2.0,1.0,Lake Bunyonyi,Kabale,Nature,9.206043310589514,Sep-Mar,,,
103.0,676.0,824.0,2024-01-01,5.0,Karan,karan@example.com,"Beaches, Historical",Male,2.0,0.0,Lake Bunyonyi,Kabale,Nature,9.206043310589514,Sep-Mar,,,
492.0,768.0,824.0,2024-03-20,3.0,Anika,anika@example.com,"City, Historical",Female,1.0,2.0,Lake Bunyonyi,Kabale,Nature,9.206043310589514,Sep-Mar,,,
396.0,63.0,825.0,2024-03-20,2.0,Arjun,arjun@example.com,"City, Historical",Male,2.0,0.0,Mount Rwenzori,Jammu and Kashmir,Adventure,7.943715893520679,Apr-Jun,,,
774.0,200.0,826.0,2024-03-20,3.0,Aditya,aditya@example.com,"Nature, Adventure",Male,1.0,1.0,Murchison Falls,Masindi,Historical,8.277156854345177,Nov-Feb,,,
959.0,308.0,826.0,2024-02-15,3.0,Saanvi,saanvi@example.com,"Nature, Adventure",Female,2.0,2.0,Murchison Falls,Masindi,Historical,8.277156854345177,Nov-Feb,,,
340.0,442.0,827.0,2024-01-01,2.0,Tanvi,tanvi@example.com,"Beaches, Historical",Female,1.0,0.0,Zanzibar Beaches,Zanzibar,Beach,8.377495779286125,Nov-Mar,,,
748.0,103.0,828.0,2024-01-01,2.0,Aanya,aanya@example.com,"Beaches, Historical",Female,1.0,0.0,Kampala City,Kampala,City,7.804063905354139,Oct-Mar,,,
139.0,975.0,828.0,2024-01-01,3.0,Tanvi,tanvi@example.com,"City, Historical",Female,1.0,0.0,Kampala City,Kampala,City,7.804063905354139,Oct-Mar,,,
,,829.0,,,,,,,,,Lake Bunyonyi,Kabale,Nature,9.073371866855572,Sep-Mar,,,
339.0,499.0,830.0,2024-03-20,3.0,Aarav,aarav@example.com,"Beaches, Historical",Male,2.0,0.0,Mount Rwenzori,Jammu and Kashmir,Adventure,7.928094923060946,Apr-Jun,,,
661.0,711.0,831.0,2024-01-01,2.0,Hitesh,hitesh@example.com,"City, Historical",Male,2.0,1.0,Murchison Falls,Masindi,Historical,8.771961835427916,Nov-Feb,,,
,,832.0,,,,,,,,,Zanzibar Beaches,Zanzibar,Beach,9.366867008044636,Nov-Mar,,,
495.0,93.0,833.0,2024-03-20,1.0,Meera,meera@example.com,"City, Historical",Female,1.0,0.0,Kampala City,Kampala,City,7.976891811337149,Oct-Mar,,,
602.0,951.0,834.0,2024-02-15,1.0,Karan,karan@example.com,"City, Historical",Male,1.0,2.0,Lake Bunyonyi,Kabale,Nature,8.329340966088974,Sep-Mar,,,
453.0,67.0,835.0,2024-03-20,4.0,Tanvi,tanvi@example.com,"Beaches, Historical",Female,1.0,0.0,Mount Rwenzori,Jammu and Kashmir,Adventure,8.622267855355735,Apr-Jun,,,
939.0,377.0,835.0,2024-03-20,2.0,Isha,isha@example.com,"Nature, Adventure",Female,2.0,0.0,Mount Rwenzori,Jammu and Kashmir,Adventure,8.622267855355735,Apr-Jun,,,
696.0,135.0,836.0,2024-03-20,5.0,Meera,meera@example.com,"City, Historical",Female,1.0,2.0,Murchison Falls,Masindi,Historical,7.789458969308924,Nov-Feb,,,
269.0,538.0,837.0,2024-02-15,1.0,Anika,anika@example.com,"Beaches, Historical",Female,2.0,1.0,Zanzibar Beaches,Zanzibar,Beach,9.49270628520052,Nov-Mar,,,
,,838.0,,,,,,,,,Kampala City,Kampala,City,7.6511899073828,Oct-Mar,,,
111.0,132.0,839.0,2024-03-20,5.0,Meera,meera@example.com,"City, Historical",Female,2.0,2.0,Lake Bunyonyi,Kabale,Nature,9.19673720089384,Sep-Mar,,,
697.0,945.0,839.0,2024-01-01,3.0,Dhruv,dhruv@example.com,"City, Historical",Male,2.0,0.0,Lake Bunyonyi,Kabale,Nature,9.19673720089384,Sep-Mar,,,
223.0,71.0,840.0,2024-01-01,4.0,Kavya,kavya@example.com,"Nature, Adventure",Female,2.0,2.0,Mount Rwenzori,Jammu and Kashmir,Adventure,7.93351873337229,Apr-Jun,,,
,,841.0,,,,,,,,,Murchison Falls,Masindi,Historical,8.641198251436522,Nov-Feb,,,
,,842.0,,,,,,,,,Zanzibar Beaches,Zanzibar,Beach,8.784629096343433,Nov-Mar,,,
,,843.0,,,,,,,,,Kampala City,Kampala,City,9.191194972792676,Oct-Mar,,,
,,844.0,,,,,,,,,Lake Bunyonyi,Kabale,Nature,9.173580627388572,Sep-Mar,,,
,,845.0,,,,,,,,,Mount Rwenzori,Jammu and Kashmir,Adventure,8.669449269625428,Apr-Jun,,,
,,846.0,,,,,,,,,Murchison Falls,Masindi,Historical,8.971338259095013,Nov-Feb,,,
605.0,93.0,847.0,2024-02-15,4.0,Meera,meera@example.com,"City, Historical",Female,1.0,0.0,Zanzibar Beaches,Zanzibar,Beach,7.790585198400288,Nov-Mar,,,
179.0,436.0,848.0,2024-02-15,5.0,Aanya,aanya@example.com,"Beaches, Historical",Female,1.0,2.0,Kampala City,Kampala,City,9.02991974288286,Oct-Mar,,,
698.0,102.0,849.0,2024-02-15,2.0,Tanvi,tanvi@example.com,"City, Historical",Female,1.0,2.0,Lake Bunyonyi,Kabale,Nature,8.749274375887886,Sep-Mar,,,
82.0,303.0,849.0,2024-01-01,1.0,Riya,riya@example.com,"City, Historical",Female,2.0,2.0,Lake Bunyonyi,Kabale,Nature,8.749274375887886,Sep-Mar,,,
869.0,509.0,849.0,2024-02-15,1.0,Hitesh,hitesh@example.com,"Nature, Adventure",Male,1.0,0.0,Lake Bunyonyi,Kabale,Nature,8.749274375887886,Sep-Mar,,,
618.0,484.0,850.0,2024-03-20,1.0,Saanvi,saanvi@example.com,"Beaches, Historical",Female,2.0,0.0,Mount Rwenzori,Jammu and Kashmir,Adventure,8.64491136642723,Apr-Jun,,,
456.0,932.0,850.0,2024-03-20,5.0,Tanvi,tanvi@example.com,"Nature, Adventure",Female,1.0,1.0,Mount Rwenzori,Jammu and Kashmir,Adventure,8.64491136642723,Apr-Jun,,,
,,851.0,,,,,,,,,Murchison Falls,Masindi,Historical,9.33544112557844,Nov-Feb,,,
801.0,388.0,852.0,2024-03-20,4.0,Aditya,aditya@example.com,"Beaches, Historical",Male,1.0,1.0,Zanzibar Beaches,Zanzibar,Beach,8.287492091663,Nov-Mar,,,
966.0,679.0,852.0,2024-03-20,1.0,Ishaan,ishaan@example.com,"Beaches, Historical",Male,2.0,1.0,Zanzibar Beaches,Zanzibar,Beach,8.287492091663,Nov-Mar,,,
305.0,794.0,853.0,2024-02-15,4.0,Meera,meera@example.com,"Nature, Adventure",Female,2.0,1.0,Kampala City,Kampala,City,9.04694477176505,Oct-Mar,,,
210.0,814.0,853.0,2024-03-20,5.0,Aditya,aditya@example.com,"Beaches, Historical",Male,1.0,2.0,Kampala City,Kampala,City,9.04694477176505,Oct-Mar,,,
,,854.0,,,,,,,,,Lake Bunyonyi,Kabale,Nature,9.33810388495833,Sep-Mar,,,
,,855.0,,,,,,,,,Mount Rwenzori,Jammu and Kashmir,Adventure,8.913268954871437,Apr-Jun,,,
,,856.0,,,,,,,,,Murchison Falls,Masindi,Historical,7.668691908852082,Nov-Feb,,,
,,857.0,,,,,,,,,Zanzibar Beaches,Zanzibar,Beach,9.027677154981644,Nov-Mar,,,
,,858.0,,,,,,,,,Kampala City,Kampala,City,8.491365337579884,Oct-Mar,,,
420.0,344.0,859.0,2024-03-20,2.0,Ritvik,ritvik@example.com,"Nature, Adventure",Male,2.0,1.0,Lake Bunyonyi,Kabale,Nature,7.921623278868692,Sep-Mar,,,
,,860.0,,,,,,,,,Mount Rwenzori,Jammu and Kashmir,Adventure,7.7202244959060975,Apr-Jun,,,
,,861.0,,,,,,,,,Murchison Falls,Masindi,Historical,7.824049108063554,Nov-Feb,,,
,,862.0,,,,,,,,,Zanzibar Beaches,Zanzibar,Beach,8.527437466841967,Nov-Mar,,,
,,863.0,,,,,,,,,Kampala City,Kampala,City,7.5288565248227135,Oct-Mar,,,
752.0,153.0,864.0,2024-02-15,2.0,Meera,meera@example.com,"City, Historical",Female,1.0,0.0,Lake Bunyonyi,Kabale,Nature,9.147968243343048,Sep-Mar,,,
238.0,359.0,864.0,2024-01-01,4.0,Ishaan,ishaan@example.com,"Nature, Adventure",Male,2.0,1.0,Lake Bunyonyi,Kabale,Nature,9.147968243343048,Sep-Mar,,,
571.0,373.0,865.0,2024-01-01,1.0,Hitesh,hitesh@example.com,"Beaches, Historical",Male,2.0,2.0,Mount Rwenzori,Jammu and Kashmir,Adventure,8.989187748130234,Apr-Jun,,,
936.0,351.0,866.0,2024-03-20,1.0,Vivaan,vivaan@example.com,"City, Historical",Male,2.0,2.0,Murchison Falls,Masindi,Historical,8.15752225096045,Nov-Feb,,,
659.0,834.0,866.0,2024-02-15,4.0,Vivaan,vivaan@example.com,"City, Historical",Male,2.0,1.0,Murchison Falls,Masindi,Historical,8.15752225096045,Nov-Feb,,,
506.0,373.0,867.0,2024-02-15,5.0,Hitesh,hitesh@example.com,"Beaches, Historical",Male,2.0,2.0,Zanzibar Beaches,Zanzibar,Beach,7.544784240485142,Nov-Mar,,,
,,868.0,,,,,,,,,Kampala City,Kampala,City,8.498230857041534,Oct-Mar,,,
186.0,181.0,869.0,2024-03-20,1.0,Aarav,aarav@example.com,"Beaches, Historical",Male,2.0,1.0,Lake Bunyonyi,Kabale,Nature,7.67787032728221,Sep-Mar,,,
,,870.0,,,,,,,,,Mount Rwenzori,Jammu and Kashmir,Adventure,8.31662363535272,Apr-Jun,,,
681.0,597.0,871.0,2024-03-20,2.0,Aanya,aanya@example.com,"City, Historical",Female,1.0,0.0,Murchison Falls,Masindi,Historical,7.643206988401131,Nov-Feb,,,
43.0,649.0,871.0,2024-01-01,2.0,Dhruv,dhruv@example.com,"Beaches, Historical",Male,2.0,1.0,Murchison Falls,Masindi,Historical,7.643206988401131,Nov-Feb,,,
609.0,849.0,871.0,2024-03-20,5.0,Tanvi,tanvi@example.com,"City, Historical",Female,1.0,0.0,Murchison Falls,Masindi,Historical,7.643206988401131,Nov-Feb,,,
53.0,234.0,872.0,2024-02-15,2.0,Ritvik,ritvik@example.com,"City, Historical",Male,1.0,0.0,Zanzibar Beaches,Zanzibar,Beach,9.413328344476888,Nov-Mar,,,
866.0,238.0,872.0,2024-02-15,2.0,Anika,anika@example.com,"Beaches, Historical",Female,1.0,1.0,Zanzibar Beaches,Zanzibar,Beach,9.413328344476888,Nov-Mar,,,
218.0,365.0,872.0,2024-02-15,3.0,Vivaan,vivaan@example.com,"Nature, Adventure",Male,1.0,1.0,Zanzibar Beaches,Zanzibar,Beach,9.413328344476888,Nov-Mar,,,
517.0,528.0,872.0,2024-01-01,4.0,Isha,isha@example.com,"City, Historical",Female,2.0,1.0,Zanzibar Beaches,Zanzibar,Beach,9.413328344476888,Nov-Mar,,,
226.0,606.0,872.0,2024-01-01,2.0,Riya,riya@example.com,"City, Historical",Female,2.0,2.0,Zanzibar Beaches,Zanzibar,Beach,9.413328344476888,Nov-Mar,,,
584.0,878.0,872.0,2024-02-15,4.0,Meera,meera@example.com,"Nature, Adventure",Female,1.0,2.0,Zanzibar Beaches,Zanzibar,Beach,9.413328344476888,Nov-Mar,,,
304.0,80.0,873.0,2024-01-01,1.0,Diya,diya@example.com,"Nature, Adventure",Female,1.0,2.0,Kampala City,Kampala,City,9.231967797202106,Oct-Mar,,,
729.0,729.0,874.0,2024-03-20,3.0,Diya,diya@example.com,"City, Historical",Female,2.0,0.0,Lake Bunyonyi,Kabale,Nature,8.671636575343907,Sep-Mar,,,
74.0,852.0,874.0,2024-02-15,5.0,Dhruv,dhruv@example.com,"City, Historical",Male,2.0,2.0,Lake Bunyonyi,Kabale,Nature,8.671636575343907,Sep-Mar,,,
,,875.0,,,,,,,,,Mount Rwenzori,Jammu and Kashmir,Adventure,8.98297001694882,Apr-Jun,,,
,,876.0,,,,,,,,,Murchison Falls,Masindi,Historical,8.796715429177867,Nov-Feb,,,
514.0,767.0,877.0,2024-01-01,4.0,Meera,meera@example.com,"Nature, Adventure",Female,2.0,2.0,Zanzibar Beaches,Zanzibar,Beach,7.911432523928271,Nov-Mar,,,
676.0,184.0,878.0,2024-01-01,3.0,Ishaan,ishaan@example.com,"Beaches, Historical",Male,1.0,2.0,Kampala City,Kampala,City,7.601483087639889,Oct-Mar,,,
273.0,259.0,879.0,2024-03-20,5.0,Vivaan,vivaan@example.com,"Beaches, Historical",Male,1.0,0.0,Lake Bunyonyi,Kabale,Nature,8.309631133912779,Sep-Mar,,,
983.0,326.0,880.0,2024-02-15,1.0,Diya,diya@example.com,"Nature, Adventure",Female,1.0,0.0,Mount Rwenzori,Jammu and Kashmir,Adventure,8.442750358263288,Apr-Jun,,,
114.0,438.0,880.0,2024-03-20,1.0,Pooja,pooja@example.com,"City, Historical",Female,2.0,0.0,Mount Rwenzori,Jammu and Kashmir,Adventure,8.442750358263288,Apr-Jun,,,
258.0,548.0,880.0,2024-03-20,4.0,Dhruv,dhruv@example.com,"Nature, Adventure",Male,1.0,0.0,Mount Rwenzori,Jammu and Kashmir,Adventure,8.442750358263288,Apr-Jun,,,
64.0,859.0,880.0,2024-01-01,3.0,Dhruv,dhruv@example.com,"Beaches, Historical",Male,2.0,1.0,Mount Rwenzori,Jammu and Kashmir,Adventure,8.442750358263288,Apr-Jun,,,
542.0,124.0,881.0,2024-02-15,3.0,Rohan,rohan@example.com,"Beaches, Historical",Male,2.0,0.0,Murchison Falls,Masindi,Historical,8.278291770000452,Nov-Feb,,,
926.0,378.0,881.0,2024-02-15,3.0,Isha,isha@example.com,"City, Historical",Female,2.0,1.0,Murchison Falls,Masindi,Historical,8.278291770000452,Nov-Feb,,,
,,882.0,,,,,,,,,Zanzibar Beaches,Zanzibar,Beach,8.449238005542009,Nov-Mar,,,
55.0,18.0,883.0,2024-01-01,1.0,Vivaan,vivaan@example.com,"City, Historical",Male,1.0,0.0,Kampala City,Kampala,City,7.95494238797158,Oct-Mar,,,
39.0,234.0,884.0,2024-03-20,2.0,Ritvik,ritvik@example.com,"City, Historical",Male,1.0,0.0,Lake Bunyonyi,Kabale,Nature,9.241444802843858,Sep-Mar,,,
,,885.0,,,,,,,,,Mount Rwenzori,Jammu and Kashmir,Adventure,9.03191394329098,Apr-Jun,,,
95.0,34.0,886.0,2024-02-15,5.0,Meera,meera@example.com,"Beaches, Historical",Female,1.0,2.0,Murchison Falls,Masindi,Historical,7.713067194844037,Nov-Feb,,,
671.0,394.0,886.0,2024-02-15,1.0,Anika,anika@example.com,"Beaches, Historical",Female,2.0,2.0,Murchison Falls,Masindi,Historical,7.713067194844037,Nov-Feb,,,
328.0,598.0,886.0,2024-01-01,3.0,Pooja,pooja@example.com,"Beaches, Historical",Female,2.0,2.0,Murchison Falls,Masindi,Historical,7.713067194844037,Nov-Feb,,,
987.0,843.0,886.0,2024-03-20,1.0,Dhruv,dhruv@example.com,"City, Historical",Male,2.0,0.0,Murchison Falls,Masindi,Historical,7.713067194844037,Nov-Feb,,,
,,887.0,,,,,,,,,Zanzibar Beaches,Zanzibar,Beach,7.590325473167349,Nov-Mar,,,
,,888.0,,,,,,,,,Kampala City,Kampala,City,8.968588466673665,Oct-Mar,,,
100.0,88.0,889.0,2024-01-01,1.0,Dhruv,dhruv@example.com,"Beaches, Historical",Male,2.0,1.0,Lake Bunyonyi,Kabale,Nature,9.002930521303405,Sep-Mar,,,
404.0,224.0,889.0,2024-02-15,4.0,Ishaan,ishaan@example.com,"Nature, Adventure",Male,2.0,2.0,Lake Bunyonyi,Kabale,Nature,9.002930521303405,Sep-Mar,,,
656.0,9.0,890.0,2024-02-15,4.0,Riya,riya@example.com,"City, Historical",Female,2.0,0.0,Mount Rwenzori,Jammu and Kashmir,Adventure,7.743039575412055,Apr-Jun,,,
9.0,580.0,890.0,2024-03-20,1.0,Riya,riya@example.com,"Beaches, Historical",Female,1.0,0.0,Mount Rwenzori,Jammu and Kashmir,Adventure,7.743039575412055,Apr-Jun,,,
,,891.0,,,,,,,,,Murchison Falls,Masindi,Historical,9.223991095114595,Nov-Feb,,,
323.0,923.0,892.0,2024-02-15,3.0,Isha,isha@example.com,"Nature, Adventure",Female,2.0,2.0,Zanzibar Beaches,Zanzibar,Beach,8.86432839457484,Nov-Mar,,,
17.0,424.0,893.0,2024-02-15,2.0,Riya,riya@example.com,"Beaches, Historical",Female,1.0,0.0,Kampala City,Kampala,City,8.375786034039642,Oct-Mar,,,
59.0,591.0,893.0,2024-02-15,1.0,Hitesh,hitesh@example.com,"City, Historical",Male,1.0,1.0,Kampala City,Kampala,City,8.375786034039642,Oct-Mar,,,
202.0,353.0,894.0,2024-01-01,5.0,Isha,isha@example.com,"Nature, Adventure",Female,2.0,0.0,Lake Bunyonyi,Kabale,Nature,8.8155969048925,Sep-Mar,,,
834.0,783.0,894.0,2024-03-20,2.0,Karan,karan@example.com,"City, Historical",Male,1.0,1.0,Lake Bunyonyi,Kabale,Nature,8.8155969048925,Sep-Mar,,,
,,895.0,,,,,,,,,Mount Rwenzori,Jammu and Kashmir,Adventure,8.011096326725276,Apr-Jun,,,
,,896.0,,,,,,,,,Murchison Falls,Masindi,Historical,8.775168604432578,Nov-Feb,,,
235.0,931.0,897.0,2024-01-01,1.0,Arjun,arjun@example.com,"Beaches, Historical",Male,1.0,0.0,Zanzibar Beaches,Zanzibar,Beach,8.342976753551683,Nov-Mar,,,
889.0,195.0,898.0,2024-01-01,4.0,Rohan,rohan@example.com,"City, Historical",Male,1.0,2.0,Kampala City,Kampala,City,8.311533772217603,Oct-Mar,,,
176.0,792.0,898.0,2024-02-15,1.0,Hitesh,hitesh@example.com,"City, Historical",Male,1.0,0.0,Kampala City,Kampala,City,8.311533772217603,Oct-Mar,,,
225.0,474.0,899.0,2024-03-20,1.0,Ritvik,ritvik@example.com,"City, Historical",Male,2.0,2.0,Lake Bunyonyi,Kabale,Nature,8.575304720464212,Sep-Mar,,,
608.0,567.0,899.0,2024-02-15,5.0,Kavya,kavya@example.com,"City, Historical",Female,2.0,1.0,Lake Bunyonyi,Kabale,Nature,8.575304720464212,Sep-Mar,,,
,,900.0,,,,,,,,,Mount Rwenzori,Jammu and Kashmir,Adventure,8.81228742963959,Apr-Jun,,,
209.0,298.0,901.0,2024-02-15,2.0,Riya,riya@example.com,"Beaches, Historical",Female,1.0,2.0,Murchison Falls,Masindi,Historical,7.94384380620817,Nov-Feb,,,
402.0,423.0,901.0,2024-03-20,5.0,Aarav,aarav@example.com,"City, Historical",Male,1.0,2.0,Murchison Falls,Masindi,Historical,7.94384380620817,Nov-Feb,,,
8.0,869.0,901.0,2024-02-15,4.0,Karan,karan@example.com,"Nature, Adventure",Male,1.0,1.0,Murchison Falls,Masindi,Historical,7.94384380620817,Nov-Feb,,,
,,902.0,,,,,,,,,Zanzibar Beaches,Zanzibar,Beach,9.115849499250787,Nov-Mar,,,
859.0,618.0,903.0,2024-01-01,3.0,Riya,riya@example.com,"City, Historical",Female,1.0,2.0,Kampala City,Kampala,City,8.253494745892702,Oct-Mar,,,
481.0,3.0,904.0,2024-01-01,4.0,Kavya,kavya@example.com,"City, Historical",Female,2.0,0.0,Lake Bunyonyi,Kabale,Nature,8.574376628395806,Sep-Mar,,,
306.0,784.0,904.0,2024-03-20,1.0,Aarav,aarav@example.com,"Beaches, Historical",Male,2.0,1.0,Lake Bunyonyi,Kabale,Nature,8.574376628395806,Sep-Mar,,,
756.0,213.0,905.0,2024-03-20,4.0,Aarav,aarav@example.com,"City, Historical",Male,1.0,2.0,Mount Rwenzori,Jammu and Kashmir,Adventure,8.13644498964263,Apr-Jun,,,
,,906.0,,,,,,,,,Murchison Falls,Masindi,Historical,8.619770095066015,Nov-Feb,,,
,,907.0,,,,,,,,,Zanzibar Beaches,Zanzibar,Beach,8.06914958687841,Nov-Mar,,,
250.0,765.0,908.0,2024-01-01,5.0,Hitesh,hitesh@example.com,"City, Historical",Male,2.0,0.0,Kampala City,Kampala,City,8.452641011322342,Oct-Mar,,,
891.0,37.0,909.0,2024-03-20,3.0,Aarav,aarav@example.com,"Beaches, Historical",Male,1.0,2.0,Lake Bunyonyi,Kabale,Nature,8.740400669784297,Sep-Mar,,,
790.0,34.0,910.0,2024-01-01,5.0,Meera,meera@example.com,"Beaches, Historical",Female,1.0,2.0,Mount Rwenzori,Jammu and Kashmir,Adventure,8.569335477200543,Apr-Jun,,,
207.0,829.0,911.0,2024-03-20,1.0,Kavya,kavya@example.com,"Beaches, Historical",Female,1.0,0.0,Murchison Falls,Masindi,Historical,7.685181358142892,Nov-Feb,,,
203.0,367.0,912.0,2024-02-15,4.0,Aanya,aanya@example.com,"Beaches, Historical",Female,1.0,0.0,Zanzibar Beaches,Zanzibar,Beach,9.4380138836961,Nov-Mar,,,
187.0,662.0,912.0,2024-01-01,3.0,Kavya,kavya@example.com,"Nature, Adventure",Female,2.0,1.0,Zanzibar Beaches,Zanzibar,Beach,9.4380138836961,Nov-Mar,,,
732.0,498.0,913.0,2024-03-20,1.0,Dhruv,dhruv@example.com,"City, Historical",Male,1.0,0.0,Kampala City,Kampala,City,7.58801460622224,Oct-Mar,,,
,,914.0,,,,,,,,,Lake Bunyonyi,Kabale,Nature,9.285417260653366,Sep-Mar,,,
,,915.0,,,,,,,,,Mount Rwenzori,Jammu and Kashmir,Adventure,7.85112195819902,Apr-Jun,,,
52.0,295.0,916.0,2024-01-01,1.0,Hitesh,hitesh@example.com,"Beaches, Historical",Male,1.0,0.0,Murchison Falls,Masindi,Historical,9.39676149780104,Nov-Feb,,,
,,917.0,,,,,,,,,Zanzibar Beaches,Zanzibar,Beach,7.545108072258168,Nov-Mar,,,
,,918.0,,,,,,,,,Kampala City,Kampala,City,9.371201913686736,Oct-Mar,,,
,,919.0,,,,,,,,,Lake Bunyonyi,Kabale,Nature,9.252136618345416,Sep-Mar,,,
560.0,93.0,920.0,2024-02-15,2.0,Meera,meera@example.com,"City, Historical",Female,1.0,0.0,Mount Rwenzori,Jammu and Kashmir,Adventure,7.584679630283544,Apr-Jun,,,
497.0,516.0,921.0,2024-02-15,5.0,Aditya,aditya@example.com,"City, Historical",Male,1.0,1.0,Murchison Falls,Masindi,Historical,8.685684922550122,Nov-Feb,,,
513.0,65.0,922.0,2024-03-20,4.0,Pooja,pooja@example.com,"Nature, Adventure",Female,2.0,1.0,Zanzibar Beaches,Zanzibar,Beach,9.298024384615864,Nov-Mar,,,
105.0,323.0,922.0,2024-03-20,2.0,Rohan,rohan@example.com,"Nature, Adventure",Male,2.0,1.0,Zanzibar Beaches,Zanzibar,Beach,9.298024384615864,Nov-Mar,,,
,,923.0,,,,,,,,,Kampala City,Kampala,City,7.821684368681256,Oct-Mar,,,
,,924.0,,,,,,,,,Lake Bunyonyi,Kabale,Nature,8.644015149109247,Sep-Mar,,,
16.0,45.0,925.0,2024-01-01,4.0,Tanvi,tanvi@example.com,"City, Historical",Female,2.0,0.0,Mount Rwenzori,Jammu and Kashmir,Adventure,7.801125565121017,Apr-Jun,,,
276.0,503.0,926.0,2024-03-20,5.0,Dhruv,dhruv@example.com,"Nature, Adventure",Male,1.0,2.0,Murchison Falls,Masindi,Historical,8.324741876265339,Nov-Feb,,,
137.0,596.0,926.0,2024-02-15,5.0,Aanya,aanya@example.com,"Nature, Adventure",Female,1.0,1.0,Murchison Falls,Masindi,Historical,8.324741876265339,Nov-Feb,,,
,,927.0,,,,,,,,,Zanzibar Beaches,Zanzibar,Beach,7.741214133839709,Nov-Mar,,,
809.0,276.0,928.0,2024-02-15,1.0,Ritvik,ritvik@example.com,"City, Historical",Male,1.0,2.0,Kampala City,Kampala,City,8.026833743679079,Oct-Mar,,,
,,929.0,,,,,,,,,Lake Bunyonyi,Kabale,Nature,8.66318905277383,Sep-Mar,,,
,,930.0,,,,,,,,,Mount Rwenzori,Jammu and Kashmir,Adventure,8.54331105953082,Apr-Jun,,,
386.0,847.0,931.0,2024-02-15,4.0,Kavya,kavya@example.com,"Beaches, Historical",Female,1.0,0.0,Murchison Falls,Masindi,Historical,9.309322896703316,Nov-Feb,,,
447.0,168.0,932.0,2024-03-20,2.0,Riya,riya@example.com,"City, Historical",Female,1.0,2.0,Zanzibar Beaches,Zanzibar,Beach,7.936004330312837,Nov-Mar,,,
49.0,554.0,933.0,2024-01-01,1.0,Kavya,kavya@example.com,"Nature, Adventure",Female,1.0,2.0,Kampala City,Kampala,City,9.274200565698507,Oct-Mar,,,
,,934.0,,,,,,,,,Lake Bunyonyi,Kabale,Nature,7.904577589196294,Sep-Mar,,,
751.0,240.0,935.0,2024-01-01,2.0,Tanvi,tanvi@example.com,"City, Historical",Female,1.0,2.0,Mount Rwenzori,Jammu and Kashmir,Adventure,8.473490132236787,Apr-Jun,,,
108.0,941.0,936.0,2024-03-20,4.0,Aditya,aditya@example.com,"Nature, Adventure",Male,2.0,2.0,Murchison Falls,Masindi,Historical,8.02055897257851,Nov-Feb,,,
,,937.0,,,,,,,,,Zanzibar Beaches,Zanzibar,Beach,8.257655225773263,Nov-Mar,,,
414.0,53.0,938.0,2024-03-20,5.0,Dhruv,dhruv@example.com,"Nature, Adventure",Male,2.0,2.0,Kampala City,Kampala,City,9.20608066746193,Oct-Mar,,,
155.0,127.0,938.0,2024-02-15,3.0,Diya,diya@example.com,"Beaches, Historical",Female,2.0,2.0,Kampala City,Kampala,City,9.20608066746193,Oct-Mar,,,
540.0,758.0,938.0,2024-03-20,4.0,Ishaan,ishaan@example.com,"Nature, Adventure",Male,2.0,0.0,Kampala City,Kampala,City,9.20608066746193,Oct-Mar,,,
196.0,143.0,939.0,2024-01-01,1.0,Aarav,aarav@example.com,"Nature, Adventure",Male,1.0,0.0,Lake Bunyonyi,Kabale,Nature,8.40872418732025,Sep-Mar,,,
154.0,823.0,939.0,2024-01-01,3.0,Pooja,pooja@example.com,"Beaches, Historical",Female,1.0,2.0,Lake Bunyonyi,Kabale,Nature,8.40872418732025,Sep-Mar,,,
,,940.0,,,,,,,,,Mount Rwenzori,Jammu and Kashmir,Adventure,7.737707489631597,Apr-Jun,,,
599.0,1.0,941.0,2024-02-15,5.0,Kavya,kavya@example.com,"Beaches, Historical",Female,1.0,0.0,Murchison Falls,Masindi,Historical,8.645046758887661,Nov-Feb,,,
,,942.0,,,,,,,,,Zanzibar Beaches,Zanzibar,Beach,8.702652455921308,Nov-Mar,,,
,,943.0,,,,,,,,,Kampala City,Kampala,City,9.106183997228763,Oct-Mar,,,
862.0,551.0,944.0,2024-01-01,1.0,Dhruv,dhruv@example.com,"Nature, Adventure",Male,2.0,2.0,Lake Bunyonyi,Kabale,Nature,9.429650079998778,Sep-Mar,,,
684.0,868.0,944.0,2024-03-20,1.0,Pooja,pooja@example.com,"Beaches, Historical",Female,2.0,0.0,Lake Bunyonyi,Kabale,Nature,9.429650079998778,Sep-Mar,,,
197.0,121.0,945.0,2024-02-15,5.0,Isha,isha@example.com,"Beaches, Historical",Female,2.0,2.0,Mount Rwenzori,Jammu and Kashmir,Adventure,7.537510610841785,Apr-Jun,,,
397.0,172.0,946.0,2024-01-01,1.0,Dhruv,dhruv@example.com,"Beaches, Historical",Male,1.0,2.0,Murchison Falls,Masindi,Historical,8.012249945176515,Nov-Feb,,,
,,947.0,,,,,,,,,Zanzibar Beaches,Zanzibar,Beach,7.619280847171351,Nov-Mar,,,
816.0,310.0,948.0,2024-03-20,1.0,Vivaan,vivaan@example.com,"Beaches, Historical",Male,2.0,0.0,Kampala City,Kampala,City,7.708772719956032,Oct-Mar,,,
850.0,797.0,948.0,2024-01-01,2.0,Tanvi,tanvi@example.com,"Nature, Adventure",Female,1.0,0.0,Kampala City,Kampala,City,7.708772719956032,Oct-Mar,,,
,,949.0,,,,,,,,,Lake Bunyonyi,Kabale,Nature,9.087608839185751,Sep-Mar,,,
728.0,689.0,950.0,2024-02-15,3.0,Arjun,arjun@example.com,"Nature, Adventure",Male,1.0,0.0,Mount Rwenzori,Jammu and Kashmir,Adventure,7.671909274040946,Apr-Jun,,,
788.0,803.0,950.0,2024-02-15,5.0,Isha,isha@example.com,"Nature, Adventure",Female,2.0,1.0,Mount Rwenzori,Jammu and Kashmir,Adventure,7.671909274040946,Apr-Jun,,,
192.0,51.0,951.0,2024-03-20,5.0,Aarav,aarav@example.com,"City, Historical",Male,1.0,1.0,Murchison Falls,Masindi,Historical,8.365692888254666,Nov-Feb,,,
431.0,778.0,951.0,2024-02-15,5.0,Anika,anika@example.com,"Beaches, Historical",Female,1.0,0.0,Murchison Falls,Masindi,Historical,8.365692888254666,Nov-Feb,,,
780.0,26.0,952.0,2024-03-20,5.0,Dhruv,dhruv@example.com,"Nature, Adventure",Male,2.0,0.0,Zanzibar Beaches,Zanzibar,Beach,8.123015873320766,Nov-Mar,,,
360.0,283.0,952.0,2024-03-20,5.0,Anika,anika@example.com,"Beaches, Historical",Female,1.0,1.0,Zanzibar Beaches,Zanzibar,Beach,8.123015873320766,Nov-Mar,,,
131.0,404.0,952.0,2024-02-15,3.0,Aditya,aditya@example.com,"Nature, Adventure",Male,1.0,2.0,Zanzibar Beaches,Zanzibar,Beach,8.123015873320766,Nov-Mar,,,
918.0,626.0,952.0,2024-03-20,4.0,Rohan,rohan@example.com,"Nature, Adventure",Male,2.0,0.0,Zanzibar Beaches,Zanzibar,Beach,8.123015873320766,Nov-Mar,,,
904.0,7.0,953.0,2024-01-01,5.0,Rohan,rohan@example.com,"Beaches, Historical",Male,2.0,1.0,Kampala City,Kampala,City,8.321398766693164,Oct-Mar,,,
7.0,399.0,953.0,2024-01-01,2.0,Dhruv,dhruv@example.com,"City, Historical",Male,1.0,1.0,Kampala City,Kampala,City,8.321398766693164,Oct-Mar,,,
390.0,91.0,954.0,2024-03-20,3.0,Ishaan,ishaan@example.com,"Beaches, Historical",Male,2.0,1.0,Lake Bunyonyi,Kabale,Nature,9.192148287990324,Sep-Mar,,,
162.0,677.0,954.0,2024-03-20,2.0,Vivaan,vivaan@example.com,"Nature, Adventure",Male,2.0,0.0,Lake Bunyonyi,Kabale,Nature,9.192148287990324,Sep-Mar,,,
400.0,685.0,955.0,2024-01-01,1.0,Aditya,aditya@example.com,"Beaches, Historical",Male,1.0,0.0,Mount Rwenzori,Jammu and Kashmir,Adventure,8.10676258457348,Apr-Jun,,,
952.0,859.0,955.0,2024-01-01,1.0,Dhruv,dhruv@example.com,"Beaches, Historical",Male,2.0,1.0,Mount Rwenzori,Jammu and Kashmir,Adventure,8.10676258457348,Apr-Jun,,,
792.0,851.0,956.0,2024-03-20,3.0,Anika,anika@example.com,"Nature, Adventure",Female,2.0,0.0,Murchison Falls,Masindi,Historical,9.240773308493525,Nov-Feb,,,
299.0,575.0,957.0,2024-02-15,5.0,Ritvik,ritvik@example.com,"Nature, Adventure",Male,1.0,2.0,Zanzibar Beaches,Zanzibar,Beach,9.319617878220548,Nov-Mar,,,
407.0,288.0,958.0,2024-02-15,3.0,Isha,isha@example.com,"City, Historical",Female,1.0,1.0,Kampala City,Kampala,City,7.932950633090041,Oct-Mar,,,
970.0,968.0,958.0,2024-01-01,2.0,Diya,diya@example.com,"Nature, Adventure",Female,1.0,2.0,Kampala City,Kampala,City,7.932950633090041,Oct-Mar,,,
40.0,9.0,959.0,2024-01-01,2.0,Riya,riya@example.com,"City, Historical",Female,2.0,0.0,Lake Bunyonyi,Kabale,Nature,9.052548436473314,Sep-Mar,,,
683.0,401.0,959.0,2024-02-15,5.0,Aarav,aarav@example.com,"Nature, Adventure",Male,1.0,1.0,Lake Bunyonyi,Kabale,Nature,9.052548436473314,Sep-Mar,,,
874.0,662.0,959.0,2024-01-01,1.0,Kavya,kavya@example.com,"Nature, Adventure",Female,2.0,1.0,Lake Bunyonyi,Kabale,Nature,9.052548436473314,Sep-Mar,,,
193.0,180.0,960.0,2024-01-01,3.0,Saanvi,saanvi@example.com,"City, Historical",Female,1.0,2.0,Mount Rwenzori,Jammu and Kashmir,Adventure,8.925500312367074,Apr-Jun,,,
,,961.0,,,,,,,,,Murchison Falls,Masindi,Historical,8.385107105120452,Nov-Feb,,,
635.0,612.0,962.0,2024-02-15,5.0,Aanya,aanya@example.com,"City, Historical",Female,2.0,0.0,Zanzibar Beaches,Zanzibar,Beach,9.210850998967874,Nov-Mar,,,
,,963.0,,,,,,,,,Kampala City,Kampala,City,8.81434371431127,Oct-Mar,,,
415.0,762.0,964.0,2024-01-01,5.0,Isha,isha@example.com,"City, Historical",Female,2.0,0.0,Lake Bunyonyi,Kabale,Nature,8.86184135941464,Sep-Mar,,,
438.0,311.0,965.0,2024-03-20,5.0,Diya,diya@example.com,"Nature, Adventure",Female,2.0,0.0,Mount Rwenzori,Jammu and Kashmir,Adventure,8.636537892208446,Apr-Jun,,,
261.0,426.0,966.0,2024-03-20,2.0,Anika,anika@example.com,"City, Historical",Female,1.0,1.0,Murchison Falls,Masindi,Historical,9.140527124056437,Nov-Feb,,,
36.0,688.0,966.0,2024-03-20,5.0,Kavya,kavya@example.com,"Beaches, Historical",Female,2.0,1.0,Murchison Falls,Masindi,Historical,9.140527124056437,Nov-Feb,,,
908.0,132.0,967.0,2024-02-15,2.0,Meera,meera@example.com,"City, Historical",Female,2.0,2.0,Zanzibar Beaches,Zanzibar,Beach,7.528727096669634,Nov-Mar,,,
645.0,158.0,967.0,2024-03-20,2.0,Ishaan,ishaan@example.com,"Nature, Adventure",Male,2.0,1.0,Zanzibar Beaches,Zanzibar,Beach,7.528727096669634,Nov-Mar,,,
625.0,459.0,967.0,2024-01-01,2.0,Meera,meera@example.com,"City, Historical",Female,1.0,0.0,Zanzibar Beaches,Zanzibar,Beach,7.528727096669634,Nov-Mar,,,
550.0,286.0,968.0,2024-01-01,1.0,Vivaan,vivaan@example.com,"Beaches, Historical",Male,2.0,2.0,Kampala City,Kampala,City,9.06097855232804,Oct-Mar,,,
531.0,659.0,969.0,2024-03-20,3.0,Ishaan,ishaan@example.com,"Nature, Adventure",Male,2.0,1.0,Lake Bunyonyi,Kabale,Nature,9.409359526915562,Sep-Mar,,,
295.0,717.0,969.0,2024-01-01,1.0,Kavya,kavya@example.com,"City, Historical",Female,2.0,2.0,Lake Bunyonyi,Kabale,Nature,9.409359526915562,Sep-Mar,,,
140.0,759.0,969.0,2024-02-15,1.0,Tanvi,tanvi@example.com,"City, Historical",Female,2.0,1.0,Lake Bunyonyi,Kabale,Nature,9.409359526915562,Sep-Mar,,,
511.0,16.0,970.0,2024-01-01,2.0,Anika,anika@example.com,"Beaches, Historical",Female,1.0,2.0,Mount Rwenzori,Jammu and Kashmir,Adventure,9.01310124502825,Apr-Jun,,,
455.0,736.0,970.0,2024-02-15,2.0,Dhruv,dhruv@example.com,"Beaches, Historical",Male,1.0,1.0,Mount Rwenzori,Jammu and Kashmir,Adventure,9.01310124502825,Apr-Jun,,,
813.0,871.0,970.0,2024-03-20,5.0,Arjun,arjun@example.com,"Beaches, Historical",Male,1.0,1.0,Mount Rwenzori,Jammu and Kashmir,Adventure,9.01310124502825,Apr-Jun,,,
,,971.0,,,,,,,,,Murchison Falls,Masindi,Historical,8.372423129319028,Nov-Feb,,,
292.0,555.0,972.0,2024-01-01,4.0,Isha,isha@example.com,"City, Historical",Female,1.0,2.0,Zanzibar Beaches,Zanzibar,Beach,9.215187537133938,Nov-Mar,,,
,,973.0,,,,,,,,,Kampala City,Kampala,City,8.565934397421195,Oct-Mar,,,
678.0,846.0,974.0,2024-03-20,2.0,Vivaan,vivaan@example.com,"City, Historical",Male,1.0,2.0,Lake Bunyonyi,Kabale,Nature,7.686987873824284,Sep-Mar,,,
421.0,316.0,975.0,2024-01-01,3.0,Meera,meera@example.com,"Beaches, Historical",Female,2.0,0.0,Mount Rwenzori,Jammu and Kashmir,Adventure,8.780722103503646,Apr-Jun,,,
104.0,411.0,975.0,2024-02-15,1.0,Dhruv,dhruv@example.com,"City, Historical",Male,2.0,2.0,Mount Rwenzori,Jammu and Kashmir,Adventure,8.780722103503646,Apr-Jun,,,
742.0,798.0,975.0,2024-01-01,5.0,Rohan,rohan@example.com,"City, Historical",Male,2.0,1.0,Mount Rwenzori,Jammu and Kashmir,Adventure,8.780722103503646,Apr-Jun,,,
,,976.0,,,,,,,,,Murchison Falls,Masindi,Historical,8.008536059147975,Nov-Feb,,,
430.0,35.0,977.0,2024-01-01,4.0,Rohan,rohan@example.com,"Nature, Adventure",Male,2.0,1.0,Zanzibar Beaches,Zanzibar,Beach,8.499576395856343,Nov-Mar,,,
287.0,33.0,978.0,2024-02-15,4.0,Ritvik,ritvik@example.com,"City, Historical",Male,2.0,2.0,Kampala City,Kampala,City,8.519173371272599,Oct-Mar,,,
380.0,189.0,978.0,2024-02-15,3.0,Meera,meera@example.com,"City, Historical",Female,1.0,1.0,Kampala City,Kampala,City,8.519173371272599,Oct-Mar,,,
536.0,502.0,978.0,2024-02-15,1.0,Kavya,kavya@example.com,"Beaches, Historical",Female,2.0,0.0,Kampala City,Kampala,City,8.519173371272599,Oct-Mar,,,
382.0,711.0,979.0,2024-01-01,3.0,Hitesh,hitesh@example.com,"City, Historical",Male,2.0,1.0,Lake Bunyonyi,Kabale,Nature,9.08174574800675,Sep-Mar,,,
,,980.0,,,,,,,,,Mount Rwenzori,Jammu and Kashmir,Adventure,9.347621264963776,Apr-Jun,,,
,,981.0,,,,,,,,,Murchison Falls,Masindi,Historical,8.732673715422088,Nov-Feb,,,
,,982.0,,,,,,,,,Zanzibar Beaches,Zanzibar,Beach,8.841048136040031,Nov-Mar,,,
314.0,126.0,983.0,2024-02-15,3.0,Isha,isha@example.com,"City, Historical",Female,1.0,0.0,Kampala City,Kampala,City,9.08021631984698,Oct-Mar,,,
940.0,442.0,983.0,2024-01-01,1.0,Tanvi,tanvi@example.com,"Beaches, Historical",Female,1.0,0.0,Kampala City,Kampala,City,9.08021631984698,Oct-Mar,,,
319.0,592.0,983.0,2024-01-01,3.0,Saanvi,saanvi@example.com,"Beaches, Historical",Female,2.0,1.0,Kampala City,Kampala,City,9.08021631984698,Oct-Mar,,,
868.0,101.0,984.0,2024-01-01,3.0,Aanya,aanya@example.com,"Nature, Adventure",Female,2.0,0.0,Lake Bunyonyi,Kabale,Nature,7.748098699266505,Sep-Mar,,,
240.0,413.0,984.0,2024-03-20,1.0,Meera,meera@example.com,"Nature, Adventure",Female,2.0,2.0,Lake Bunyonyi,Kabale,Nature,7.748098699266505,Sep-Mar,,,
593.0,709.0,984.0,2024-02-15,3.0,Karan,karan@example.com,"Beaches, Historical",Male,2.0,1.0,Lake Bunyonyi,Kabale,Nature,7.748098699266505,Sep-Mar,,,
636.0,942.0,984.0,2024-03-20,1.0,Vivaan,vivaan@example.com,"City, Historical",Male,1.0,0.0,Lake Bunyonyi,Kabale,Nature,7.748098699266505,Sep-Mar,,,
808.0,701.0,985.0,2024-01-01,2.0,Riya,riya@example.com,"Nature, Adventure",Female,2.0,1.0,Mount Rwenzori,Jammu and Kashmir,Adventure,9.034655060888772,Apr-Jun,,,
338.0,186.0,986.0,2024-02-15,2.0,Vivaan,vivaan@example.com,"City, Historical",Male,1.0,2.0,Murchison Falls,Masindi,Historical,8.108715094313126,Nov-Feb,,,
885.0,326.0,986.0,2024-03-20,2.0,Diya,diya@example.com,"Nature, Adventure",Female,1.0,0.0,Murchison Falls,Masindi,Historical,8.108715094313126,Nov-Feb,,,
617.0,336.0,986.0,2024-02-15,1.0,Ritvik,ritvik@example.com,"City, Historical",Male,2.0,1.0,Murchison Falls,Masindi,Historical,8.108715094313126,Nov-Feb,,,
27.0,422.0,986.0,2024-03-20,2.0,Meera,meera@example.com,"Nature, Adventure",Female,1.0,0.0,Murchison Falls,Masindi,Historical,8.108715094313126,Nov-Feb,,,
861.0,476.0,987.0,2024-03-20,3.0,Anika,anika@example.com,"Nature, Adventure",Female,1.0,0.0,Zanzibar Beaches,Zanzibar,Beach,9.499811031053753,Nov-Mar,,,
760.0,201.0,988.0,2024-01-01,3.0,Rohan,rohan@example.com,"City, Historical",Male,2.0,1.0,Kampala City,Kampala,City,7.96234787124329,Oct-Mar,,,
,,989.0,,,,,,,,,Lake Bunyonyi,Kabale,Nature,8.208087955185452,Sep-Mar,,,
394.0,943.0,990.0,2024-01-01,5.0,Hitesh,hitesh@example.com,"Beaches, Historical",Male,2.0,1.0,Mount Rwenzori,Jammu and Kashmir,Adventure,8.117425964659915,Apr-Jun,,,
887.0,452.0,991.0,2024-02-15,1.0,Karan,karan@example.com,"Nature, Adventure",Male,2.0,1.0,Murchison Falls,Masindi,Historical,8.20738838115243,Nov-Feb,,,
,,992.0,,,,,,,,,Zanzibar Beaches,Zanzibar,Beach,8.114747172536235,Nov-Mar,,,
136.0,356.0,993.0,2024-01-01,2.0,Ishaan,ishaan@example.com,"Nature, Adventure",Male,1.0,1.0,Kampala City,Kampala,City,8.19515468129691,Oct-Mar,,,
427.0,13.0,994.0,2024-01-01,2.0,Dhruv,dhruv@example.com,"Beaches, Historical",Male,1.0,2.0,Lake Bunyonyi,Kabale,Nature,8.165291117364324,Sep-Mar,,,
,,995.0,,,,,,,,,Mount Rwenzori,Jammu and Kashmir,Adventure,7.74636736837115,Apr-Jun,,,
480.0,9.0,996.0,2024-03-20,5.0,Riya,riya@example.com,"City, Historical",Female,2.0,0.0,Murchison Falls,Masindi,Historical,8.13381819081494,Nov-Feb,,,
411.0,567.0,996.0,2024-03-20,5.0,Kavya,kavya@example.com,"City, Historical",Female,2.0,1.0,Murchison Falls,Masindi,Historical,8.13381819081494,Nov-Feb,,,
368.0,252.0,997.0,2024-02-15,3.0,Arjun,arjun@example.com,"City, Historical",Male,2.0,2.0,Zanzibar Beaches,Zanzibar,Beach,8.203518828553301,Nov-Mar,,,
316.0,319.0,998.0,2024-01-01,4.0,Pooja,pooja@example.com,"Beaches, Historical",Female,2.0,1.0,Kampala City,Kampala,City,8.308435430056575,Oct-Mar,,,
,,999.0,,,,,,,,,Lake Bunyonyi,Kabale,Nature,8.961740523595862,Sep-Mar,,,
122.0,948.0,1000.0,2024-02-15,3.0,Hitesh,hitesh@example.com,"City, Historical",Male,1.0,0.0,Mount Rwenzori,Jammu and Kashmir,Adventure,8.939036209396416,Apr-Jun,,,
,4.0,,,,Anika,anika@example.com,"Beaches, Historical",Female,1.0,0.0,,,,,,,,
,6.0,,,,Karan,karan@example.com,"City, Historical",Male,2.0,0.0,,,,,,,,
,10.0,,,,Rohan,rohan@example.com,"Beaches, Historical",Male,2.0,2.0,,,,,,,,
,12.0,,,,Anika,anika@example.com,"City, Historical",Female,1.0,1.0,,,,,,,,
,14.0,,,,Meera,meera@example.com,"Nature, Adventure",Female,2.0,2.0,,,,,,,,
,19.0,,,,Aanya,aanya@example.com,"Beaches, Historical",Female,1.0,2.0,,,,,,,,
,22.0,,,,Arjun,arjun@example.com,"Beaches, Historical",Male,2.0,1.0,,,,,,,,
,25.0,,,,Diya,diya@example.com,"Beaches, Historical",Female,1.0,1.0,,,,,,,,
,28.0,,,,Riya,riya@example.com,"Beaches, Historical",Female,2.0,1.0,,,,,,,,
,31.0,,,,Ritvik,ritvik@example.com,"Beaches, Historical",Male,2.0,2.0,,,,,,,,
,32.0,,,,Anika,anika@example.com,"Nature, Adventure",Female,1.0,1.0,,,,,,,,
,36.0,,,,Arjun,arjun@example.com,"City, Historical",Male,2.0,2.0,,,,,,,,
,38.0,,,,Anika,anika@example.com,"Nature, Adventure",Female,2.0,2.0,,,,,,,,
,39.0,,,,Vivaan,vivaan@example.com,"City, Historical",Male,2.0,2.0,,,,,,,,
,41.0,,,,Vivaan,vivaan@example.com,"Nature, Adventure",Male,1.0,2.0,,,,,,,,
,47.0,,,,Meera,meera@example.com,"Nature, Adventure",Female,2.0,1.0,,,,,,,,
,48.0,,,,Dhruv,dhruv@example.com,"City, Historical",Male,2.0,0.0,,,,,,,,
,49.0,,,,Ishaan,ishaan@example.com,"Beaches, Historical",Male,1.0,1.0,,,,,,,,
,52.0,,,,Diya,diya@example.com,"Beaches, Historical",Female,2.0,1.0,,,,,,,,
,57.0,,,,Aarav,aarav@example.com,"City, Historical",Male,2.0,0.0,,,,,,,,
,58.0,,,,Aarav,aarav@example.com,"Beaches, Historical",Male,1.0,2.0,,,,,,,,
,62.0,,,,Aarav,aarav@example.com,"Nature, Adventure",Male,1.0,0.0,,,,,,,,
,64.0,,,,Vivaan,vivaan@example.com,"Beaches, Historical",Male,1.0,1.0,,,,,,,,
,66.0,,,,Aarav,aarav@example.com,"City, Historical",Male,1.0,2.0,,,,,,,,
,68.0,,,,Rohan,rohan@example.com,"Nature, Adventure",Male,1.0,0.0,,,,,,,,
,75.0,,,,Rohan,rohan@example.com,"City, Historical",Male,1.0,1.0,,,,,,,,
,83.0,,,,Tanvi,tanvi@example.com,"Nature, Adventure",Female,1.0,1.0,,,,,,,,
,84.0,,,,Meera,meera@example.com,"City, Historical",Female,2.0,0.0,,,,,,,,
,85.0,,,,Saanvi,saanvi@example.com,"Beaches, Historical",Female,2.0,1.0,,,,,,,,
,86.0,,,,Karan,karan@example.com,"Nature, Adventure",Male,2.0,2.0,,,,,,,,
,89.0,,,,Karan,karan@example.com,"Nature, Adventure",Male,2.0,0.0,,,,,,,,
,90.0,,,,Isha,isha@example.com,"City, Historical",Female,1.0,0.0,,,,,,,,
,96.0,,,,Aarav,aarav@example.com,"City, Historical",Male,1.0,0.0,,,,,,,,
,97.0,,,,Dhruv,dhruv@example.com,"Beaches, Historical",Male,1.0,2.0,,,,,,,,
,105.0,,,,Rohan,rohan@example.com,"City, Historical",Male,1.0,0.0,,,,,,,,
,110.0,,,,Anika,anika@example.com,"Nature, Adventure",Female,1.0,1.0,,,,,,,,
,111.0,,,,Hitesh,hitesh@example.com,"City, Historical",Male,2.0,0.0,,,,,,,,
,113.0,,,,Aditya,aditya@example.com,"Nature, Adventure",Male,1.0,0.0,,,,,,,,
,116.0,,,,Arjun,arjun@example.com,"Nature, Adventure",Male,1.0,1.0,,,,,,,,
,118.0,,,,Arjun,arjun@example.com,"Beaches, Historical",Male,1.0,1.0,,,,,,,,
,120.0,,,,Rohan,rohan@example.com,"City, Historical",Male,1.0,2.0,,,,,,,,
,125.0,,,,Diya,diya@example.com,"Nature, Adventure",Female,2.0,0.0,,,,,,,,
,130.0,,,,Arjun,arjun@example.com,"Beaches, Historical",Male,2.0,2.0,,,,,,,,
,131.0,,,,Riya,riya@example.com,"Nature, Adventure",Female,1.0,2.0,,,,,,,,
,134.0,,,,Anika,anika@example.com,"Nature, Adventure",Female,1.0,0.0,,,,,,,,
,136.0,,,,Arjun,arjun@example.com,"Beaches, Historical",Male,2.0,2.0,,,,,,,,
,138.0,,,,Aanya,aanya@example.com,"City, Historical",Female,1.0,2.0,,,,,,,,
,139.0,,,,Aditya,aditya@example.com,"Beaches, Historical",Male,1.0,2.0,,,,,,,,
,140.0,,,,Meera,meera@example.com,"Nature, Adventure",Female,1.0,2.0,,,,,,,,
,142.0,,,,Dhruv,dhruv@example.com,"Beaches, Historical",Male,2.0,1.0,,,,,,,,
,144.0,,,,Isha,isha@example.com,"City, Historical",Female,1.0,1.0,,,,,,,,
,145.0,,,,Ritvik,ritvik@example.com,"Beaches, Historical",Male,2.0,0.0,,,,,,,,
,147.0,,,,Riya,riya@example.com,"City, Historical",Female,2.0,1.0,,,,,,,,
,149.0,,,,Ishaan,ishaan@example.com,"Nature, Adventure",Male,2.0,0.0,,,,,,,,
,150.0,,,,Aarav,aarav@example.com,"City, Historical",Male,2.0,0.0,,,,,,,,
,151.0,,,,Isha,isha@example.com,"Beaches, Historical",Female,1.0,1.0,,,,,,,,
,152.0,,,,Rohan,rohan@example.com,"Nature, Adventure",Male,1.0,1.0,,,,,,,,
,154.0,,,,Kavya,kavya@example.com,"Beaches, Historical",Female,2.0,0.0,,,,,,,,
,156.0,,,,Anika,anika@example.com,"City, Historical",Female,2.0,1.0,,,,,,,,
,157.0,,,,Meera,meera@example.com,"Beaches, Historical",Female,2.0,1.0,,,,,,,,
,161.0,,,,Meera,meera@example.com,"Nature, Adventure",Female,1.0,0.0,,,,,,,,
,162.0,,,,Aditya,aditya@example.com,"City, Historical",Male,1.0,0.0,,,,,,,,
,164.0,,,,Vivaan,vivaan@example.com,"Nature, Adventure",Male,1.0,2.0,,,,,,,,
,167.0,,,,Vivaan,vivaan@example.com,"Nature, Adventure",Male,1.0,2.0,,,,,,,,
,170.0,,,,Tanvi,tanvi@example.com,"Nature, Adventure",Female,1.0,0.0,,,,,,,,
,171.0,,,,Hitesh,hitesh@example.com,"City, Historical",Male,2.0,1.0,,,,,,,,
,173.0,,,,Rohan,rohan@example.com,"Nature, Adventure",Male,2.0,1.0,,,,,,,,
,175.0,,,,Dhruv,dhruv@example.com,"Beaches, Historical",Male,2.0,0.0,,,,,,,,
,176.0,,,,Vivaan,vivaan@example.com,"Nature, Adventure",Male,1.0,0.0,,,,,,,,
,179.0,,,,Ishaan,ishaan@example.com,"Nature, Adventure",Male,1.0,2.0,,,,,,,,
,183.0,,,,Vivaan,vivaan@example.com,"City, Historical",Male,2.0,2.0,,,,,,,,
,190.0,,,,Anika,anika@example.com,"Beaches, Historical",Female,1.0,0.0,,,,,,,,
,192.0,,,,Aarav,aarav@example.com,"City, Historical",Male,1.0,0.0,,,,,,,,
,193.0,,,,Meera,meera@example.com,"Beaches, Historical",Female,1.0,0.0,,,,,,,,
,194.0,,,,Aanya,aanya@example.com,"Nature, Adventure",Female,2.0,1.0,,,,,,,,
,196.0,,,,Hitesh,hitesh@example.com,"Beaches, Historical",Male,1.0,1.0,,,,,,,,
,198.0,,,,Vivaan,vivaan@example.com,"City, Historical",Male,2.0,2.0,,,,,,,,
,202.0,,,,Ishaan,ishaan@example.com,"Beaches, Historical",Male,1.0,1.0,,,,,,,,
,203.0,,,,Isha,isha@example.com,"Nature, Adventure",Female,2.0,0.0,,,,,,,,
,205.0,,,,Riya,riya@example.com,"Beaches, Historical",Female,1.0,2.0,,,,,,,,
,219.0,,,,Kavya,kavya@example.com,"City, Historical",Female,1.0,2.0,,,,,,,,
,221.0,,,,Aditya,aditya@example.com,"Nature, Adventure",Male,1.0,2.0,,,,,,,,
,223.0,,,,Aanya,aanya@example.com,"Beaches, Historical",Female,1.0,2.0,,,,,,,,
,227.0,,,,Aditya,aditya@example.com,"Nature, Adventure",Male,1.0,1.0,,,,,,,,
,229.0,,,,Ritvik,ritvik@example.com,"Beaches, Historical",Male,2.0,1.0,,,,,,,,
,236.0,,,,Karan,karan@example.com,"Nature, Adventure",Male,2.0,1.0,,,,,,,,
,237.0,,,,Pooja,pooja@example.com,"City, Historical",Female,2.0,0.0,,,,,,,,
,241.0,,,,Diya,diya@example.com,"Beaches, Historical",Female,1.0,2.0,,,,,,,,
,243.0,,,,Saanvi,saanvi@example.com,"City, Historical",Female,1.0,1.0,,,,,,,,
,244.0,,,,Karan,karan@example.com,"Beaches, Historical",Male,2.0,0.0,,,,,,,,
,245.0,,,,Aarav,aarav@example.com,"Nature, Adventure",Male,2.0,1.0,,,,,,,,
,246.0,,,,Anika,anika@example.com,"City, Historical",Female,2.0,2.0,,,,,,,,
,248.0,,,,Meera,meera@example.com,"Nature, Adventure",Female,1.0,2.0,,,,,,,,
,249.0,,,,Aarav,aarav@example.com,"City, Historical",Male,1.0,1.0,,,,,,,,
,251.0,,,,Aanya,aanya@example.com,"Nature, Adventure",Female,2.0,2.0,,,,,,,,
,253.0,,,,Karan,karan@example.com,"Beaches, Historical",Male,2.0,1.0,,,,,,,,
,255.0,,,,Diya,diya@example.com,"City, Historical",Female,2.0,1.0,,,,,,,,
,257.0,,,,Diya,diya@example.com,"Nature, Adventure",Female,2.0,0.0,,,,,,,,
,264.0,,,,Saanvi,saanvi@example.com,"City, Historical",Female,1.0,2.0,,,,,,,,
,267.0,,,,Aanya,aanya@example.com,"City, Historical",Female,2.0,1.0,,,,,,,,
,270.0,,,,Dhruv,dhruv@example.com,"City, Historical",Male,2.0,2.0,,,,,,,,
,275.0,,,,Meera,meera@example.com,"Nature, Adventure",Female,1.0,0.0,,,,,,,,
,277.0,,,,Aditya,aditya@example.com,"Beaches, Historical",Male,2.0,2.0,,,,,,,,
,280.0,,,,Saanvi,saanvi@example.com,"Beaches, Historical",Female,1.0,1.0,,,,,,,,
,284.0,,,,Saanvi,saanvi@example.com,"Nature, Adventure",Female,1.0,2.0,,,,,,,,
,289.0,,,,Arjun,arjun@example.com,"Beaches, Historical",Male,2.0,1.0,,,,,,,,
,301.0,,,,Diya,diya@example.com,"Beaches, Historical",Female,2.0,2.0,,,,,,,,
,304.0,,,,Hitesh,hitesh@example.com,"Beaches, Historical",Male,1.0,1.0,,,,,,,,
,307.0,,,,Pooja,pooja@example.com,"Beaches, Historical",Female,2.0,1.0,,,,,,,,
,309.0,,,,Diya,diya@example.com,"City, Historical",Female,2.0,1.0,,,,,,,,
,312.0,,,,Ishaan,ishaan@example.com,"City, Historical",Male,1.0,1.0,,,,,,,,
,313.0,,,,Isha,isha@example.com,"Beaches, Historical",Female,1.0,2.0,,,,,,,,
,314.0,,,,Kavya,kavya@example.com,"Nature, Adventure",Female,2.0,1.0,,,,,,,,
,317.0,,,,Dhruv,dhruv@example.com,"Nature, Adventure",Male,2.0,1.0,,,,,,,,
,329.0,,,,Vivaan,vivaan@example.com,"Nature, Adventure",Male,2.0,2.0,,,,,,,,
,334.0,,,,Rohan,rohan@example.com,"Beaches, Historical",Male,2.0,1.0,,,,,,,,
,337.0,,,,Aarav,aarav@example.com,"Beaches, Historical",Male,2.0,2.0,,,,,,,,
,339.0,,,,Riya,riya@example.com,"City, Historical",Female,1.0,2.0,,,,,,,,
,347.0,,,,Saanvi,saanvi@example.com,"Nature, Adventure",Female,1.0,0.0,,,,,,,,
,350.0,,,,Aditya,aditya@example.com,"Nature, Adventure",Male,1.0,2.0,,,,,,,,
,354.0,,,,Meera,meera@example.com,"City, Historical",Female,1.0,2.0,,,,,,,,
,355.0,,,,Kavya,kavya@example.com,"Beaches, Historical",Female,1.0,0.0,,,,,,,,
,357.0,,,,Riya,riya@example.com,"City, Historical",Female,1.0,1.0,,,,,,,,
,361.0,,,,Aanya,aanya@example.com,"Beaches, Historical",Female,1.0,0.0,,,,,,,,
,362.0,,,,Aarav,aarav@example.com,"Nature, Adventure",Male,2.0,1.0,,,,,,,,
,369.0,,,,Rohan,rohan@example.com,"City, Historical",Male,2.0,1.0,,,,,,,,
,370.0,,,,Pooja,pooja@example.com,"Beaches, Historical",Female,2.0,2.0,,,,,,,,
,371.0,,,,Ritvik,ritvik@example.com,"Nature, Adventure",Male,2.0,0.0,,,,,,,,
,375.0,,,,Isha,isha@example.com,"City, Historical",Female,1.0,2.0,,,,,,,,
,383.0,,,,Kavya,kavya@example.com,"Nature, Adventure",Female,2.0,2.0,,,,,,,,
,385.0,,,,Pooja,pooja@example.com,"Beaches, Historical",Female,2.0,2.0,,,,,,,,
,387.0,,,,Arjun,arjun@example.com,"City, Historical",Male,1.0,0.0,,,,,,,,
,389.0,,,,Aanya,aanya@example.com,"Nature, Adventure",Female,2.0,0.0,,,,,,,,
,395.0,,,,Karan,karan@example.com,"Nature, Adventure",Male,2.0,2.0,,,,,,,,
,396.0,,,,Tanvi,tanvi@example.com,"City, Historical",Female,2.0,0.0,,,,,,,,
,398.0,,,,Anika,anika@example.com,"Nature, Adventure",Female,1.0,1.0,,,,,,,,
,403.0,,,,Rohan,rohan@example.com,"Beaches, Historical",Male,1.0,1.0,,,,,,,,
,405.0,,,,Hitesh,hitesh@example.com,"City, Historical",Male,2.0,0.0,,,,,,,,
,406.0,,,,Ritvik,ritvik@example.com,"Beaches, Historical",Male,2.0,2.0,,,,,,,,
,410.0,,,,Ritvik,ritvik@example.com,"Nature, Adventure",Male,1.0,0.0,,,,,,,,
,412.0,,,,Riya,riya@example.com,"Beaches, Historical",Female,2.0,0.0,,,,,,,,
,414.0,,,,Aanya,aanya@example.com,"City, Historical",Female,1.0,2.0,,,,,,,,
,417.0,,,,Karan,karan@example.com,"City, Historical",Male,2.0,2.0,,,,,,,,
,420.0,,,,Saanvi,saanvi@example.com,"City, Historical",Female,2.0,2.0,,,,,,,,
,425.0,,,,Aarav,aarav@example.com,"Nature, Adventure",Male,2.0,1.0,,,,,,,,
,427.0,,,,Aanya,aanya@example.com,"Beaches, Historical",Female,1.0,0.0,,,,,,,,
,428.0,,,,Anika,anika@example.com,"Nature, Adventure",Female,1.0,2.0,,,,,,,,
,432.0,,,,Aditya,aditya@example.com,"City, Historical",Male,2.0,2.0,,,,,,,,
,433.0,,,,Pooja,pooja@example.com,"Beaches, Historical",Female,2.0,1.0,,,,,,,,
,435.0,,,,Hitesh,hitesh@example.com,"City, Historical",Male,1.0,2.0,,,,,,,,
,439.0,,,,Rohan,rohan@example.com,"Beaches, Historical",Male,2.0,0.0,,,,,,,,
,440.0,,,,Meera,meera@example.com,"Nature, Adventure",Female,1.0,1.0,,,,,,,,
,447.0,,,,Aarav,aarav@example.com,"City, Historical",Male,2.0,2.0,,,,,,,,
,449.0,,,,Aditya,aditya@example.com,"Nature, Adventure",Male,2.0,1.0,,,,,,,,
,451.0,,,,Rohan,rohan@example.com,"Beaches, Historical",Male,1.0,1.0,,,,,,,,
,453.0,,,,Aanya,aanya@example.com,"City, Historical",Female,1.0,1.0,,,,,,,,
,455.0,,,,Diya,diya@example.com,"Nature, Adventure",Female,1.0,2.0,,,,,,,,
,456.0,,,,Pooja,pooja@example.com,"City, Historical",Female,1.0,0.0,,,,,,,,
,457.0,,,,Pooja,pooja@example.com,"Beaches, Historical",Female,2.0,1.0,,,,,,,,
,460.0,,,,Dhruv,dhruv@example.com,"Beaches, Historical",Male,1.0,2.0,,,,,,,,
,464.0,,,,Meera,meera@example.com,"Nature, Adventure",Female,1.0,1.0,,,,,,,,
,471.0,,,,Arjun,arjun@example.com,"City, Historical",Male,1.0,0.0,,,,,,,,
,472.0,,,,Meera,meera@example.com,"Beaches, Historical",Female,2.0,2.0,,,,,,,,
,477.0,,,,Saanvi,saanvi@example.com,"City, Historical",Female,2.0,0.0,,,,,,,,
,479.0,,,,Ishaan,ishaan@example.com,"Nature, Adventure",Male,2.0,0.0,,,,,,,,
,481.0,,,,Diya,diya@example.com,"Beaches, Historical",Female,1.0,0.0,,,,,,,,
,486.0,,,,Aarav,aarav@example.com,"City, Historical",Male,1.0,0.0,,,,,,,,
,487.0,,,,Pooja,pooja@example.com,"Beaches, Historical",Female,1.0,1.0,,,,,,,,
,489.0,,,,Rohan,rohan@example.com,"City, Historical",Male,2.0,1.0,,,,,,,,
,491.0,,,,Aanya,aanya@example.com,"Nature, Adventure",Female,2.0,1.0,,,,,,,,
,492.0,,,,Tanvi,tanvi@example.com,"City, Historical",Female,2.0,2.0,,,,,,,,
,493.0,,,,Aditya,aditya@example.com,"Beaches, Historical",Male,2.0,0.0,,,,,,,,
,494.0,,,,Aanya,aanya@example.com,"Nature, Adventure",Female,1.0,2.0,,,,,,,,
,495.0,,,,Aanya,aanya@example.com,"City, Historical",Female,2.0,0.0,,,,,,,,
,504.0,,,,Isha,isha@example.com,"City, Historical",Female,1.0,1.0,,,,,,,,
,505.0,,,,Kavya,kavya@example.com,"Beaches, Historical",Female,1.0,2.0,,,,,,,,
,506.0,,,,Aanya,aanya@example.com,"Nature, Adventure",Female,2.0,1.0,,,,,,,,
,508.0,,,,Aanya,aanya@example.com,"Beaches, Historical",Female,2.0,0.0,,,,,,,,
,510.0,,,,Isha,isha@example.com,"City, Historical",Female,1.0,1.0,,,,,,,,
,513.0,,,,Vivaan,vivaan@example.com,"City, Historical",Male,1.0,2.0,,,,,,,,
,514.0,,,,Pooja,pooja@example.com,"Beaches, Historical",Female,2.0,1.0,,,,,,,,
,515.0,,,,Arjun,arjun@example.com,"Nature, Adventure",Male,1.0,0.0,,,,,,,,
,517.0,,,,Vivaan,vivaan@example.com,"Beaches, Historical",Male,1.0,0.0,,,,,,,,
,519.0,,,,Ritvik,ritvik@example.com,"City, Historical",Male,1.0,0.0,,,,,,,,
,521.0,,,,Rohan,rohan@example.com,"Nature, Adventure",Male,1.0,2.0,,,,,,,,
,523.0,,,,Aarav,aarav@example.com,"Beaches, Historical",Male,1.0,2.0,,,,,,,,
,529.0,,,,Meera,meera@example.com,"Beaches, Historical",Female,1.0,0.0,,,,,,,,
,532.0,,,,Riya,riya@example.com,"Beaches, Historical",Female,2.0,1.0,,,,,,,,
,536.0,,,,Kavya,kavya@example.com,"Nature, Adventure",Female,1.0,0.0,,,,,,,,
,540.0,,,,Aanya,aanya@example.com,"City, Historical",Female,2.0,2.0,,,,,,,,
,541.0,,,,Tanvi,tanvi@example.com,"Beaches, Historical",Female,1.0,1.0,,,,,,,,
,543.0,,,,Kavya,kavya@example.com,"City, Historical",Female,2.0,1.0,,,,,,,,
,545.0,,,,Ritvik,ritvik@example.com,"Nature, Adventure",Male,2.0,2.0,,,,,,,,
,547.0,,,,Isha,isha@example.com,"Beaches, Historical",Female,1.0,2.0,,,,,,,,
,549.0,,,,Ritvik,ritvik@example.com,"City, Historical",Male,1.0,0.0,,,,,,,,
,552.0,,,,Saanvi,saanvi@example.com,"City, Historical",Female,2.0,1.0,,,,,,,,
,553.0,,,,Meera,meera@example.com,"Beaches, Historical",Female,1.0,1.0,,,,,,,,
,557.0,,,,Ishaan,ishaan@example.com,"Nature, Adventure",Male,2.0,2.0,,,,,,,,
,558.0,,,,Dhruv,dhruv@example.com,"City, Historical",Male,2.0,0.0,,,,,,,,
,559.0,,,,Ishaan,ishaan@example.com,"Beaches, Historical",Male,1.0,2.0,,,,,,,,
,561.0,,,,Vivaan,vivaan@example.com,"City, Historical",Male,2.0,1.0,,,,,,,,
,562.0,,,,Saanvi,saanvi@example.com,"Beaches, Historical",Female,1.0,1.0,,,,,,,,
,566.0,,,,Karan,karan@example.com,"Nature, Adventure",Male,2.0,0.0,,,,,,,,
,570.0,,,,Saanvi,saanvi@example.com,"City, Historical",Female,2.0,2.0,,,,,,,,
,571.0,,,,Riya,riya@example.com,"Beaches, Historical",Female,2.0,0.0,,,,,,,,
,577.0,,,,Aanya,aanya@example.com,"Beaches, Historical",Female,2.0,1.0,,,,,,,,
,581.0,,,,Arjun,arjun@example.com,"Nature, Adventure",Male,1.0,1.0,,,,,,,,
,583.0,,,,Arjun,arjun@example.com,"Beaches, Historical",Male,1.0,1.0,,,,,,,,
,587.0,,,,Pooja,pooja@example.com,"Nature, Adventure",Female,2.0,0.0,,,,,,,,
,588.0,,,,Riya,riya@example.com,"City, Historical",Female,1.0,2.0,,,,,,,,
,595.0,,,,Diya,diya@example.com,"Beaches, Historical",Female,1.0,0.0,,,,,,,,
,601.0,,,,Ritvik,ritvik@example.com,"Beaches, Historical",Male,1.0,0.0,,,,,,,,
,603.0,,,,Ritvik,ritvik@example.com,"City, Historical",Male,2.0,2.0,,,,,,,,
,604.0,,,,Meera,meera@example.com,"Beaches, Historical",Female,2.0,2.0,,,,,,,,
,605.0,,,,Hitesh,hitesh@example.com,"Nature, Adventure",Male,2.0,1.0,,,,,,,,
,611.0,,,,Vivaan,vivaan@example.com,"Nature, Adventure",Male,2.0,2.0,,,,,,,,
,615.0,,,,Rohan,rohan@example.com,"City, Historical",Male,1.0,1.0,,,,,,,,
,616.0,,,,Isha,isha@example.com,"Beaches, Historical",Female,1.0,0.0,,,,,,,,
,617.0,,,,Hitesh,hitesh@example.com,"Nature, Adventure",Male,2.0,1.0,,,,,,,,
,622.0,,,,Karan,karan@example.com,"Beaches, Historical",Male,2.0,0.0,,,,,,,,
,624.0,,,,Tanvi,tanvi@example.com,"City, Historical",Female,1.0,0.0,,,,,,,,
,625.0,,,,Vivaan,vivaan@example.com,"Beaches, Historical",Male,1.0,2.0,,,,,,,,
,630.0,,,,Isha,isha@example.com,"City, Historical",Female,1.0,0.0,,,,,,,,
,633.0,,,,Karan,karan@example.com,"City, Historical",Male,2.0,0.0,,,,,,,,
,638.0,,,,Dhruv,dhruv@example.com,"Nature, Adventure",Male,2.0,0.0,,,,,,,,
,640.0,,,,Karan,karan@example.com,"Beaches, Historical",Male,1.0,1.0,,,,,,,,
,641.0,,,,Karan,karan@example.com,"Nature, Adventure",Male,2.0,2.0,,,,,,,,
,643.0,,,,Vivaan,vivaan@example.com,"Beaches, Historical",Male,1.0,1.0,,,,,,,,
,645.0,,,,Tanvi,tanvi@example.com,"City, Historical",Female,1.0,2.0,,,,,,,,
,646.0,,,,Meera,meera@example.com,"Beaches, Historical",Female,1.0,1.0,,,,,,,,
,648.0,,,,Diya,diya@example.com,"City, Historical",Female,2.0,1.0,,,,,,,,
,650.0,,,,Aditya,aditya@example.com,"Nature, Adventure",Male,2.0,2.0,,,,,,,,
,652.0,,,,Tanvi,tanvi@example.com,"Beaches, Historical",Female,2.0,0.0,,,,,,,,
,656.0,,,,Ritvik,ritvik@example.com,"Nature, Adventure",Male,1.0,0.0,,,,,,,,
,658.0,,,,Hitesh,hitesh@example.com,"Beaches, Historical",Male,1.0,2.0,,,,,,,,
,660.0,,,,Tanvi,tanvi@example.com,"City, Historical",Female,2.0,2.0,,,,,,,,
,661.0,,,,Saanvi,saanvi@example.com,"Beaches, Historical",Female,2.0,0.0,,,,,,,,
,664.0,,,,Saanvi,saanvi@example.com,"Beaches, Historical",Female,2.0,1.0,,,,,,,,
,665.0,,,,Hitesh,hitesh@example.com,"Nature, Adventure",Male,1.0,1.0,,,,,,,,
,666.0,,,,Dhruv,dhruv@example.com,"City, Historical",Male,1.0,1.0,,,,,,,,
,667.0,,,,Vivaan,vivaan@example.com,"Beaches, Historical",Male,2.0,1.0,,,,,,,,
,670.0,,,,Tanvi,tanvi@example.com,"Beaches, Historical",Female,1.0,0.0,,,,,,,,
,675.0,,,,Saanvi,saanvi@example.com,"City, Historical",Female,2.0,0.0,,,,,,,,
,683.0,,,,Isha,isha@example.com,"Nature, Adventure",Female,1.0,0.0,,,,,,,,
,687.0,,,,Aanya,aanya@example.com,"City, Historical",Female,1.0,1.0,,,,,,,,
,691.0,,,,Isha,isha@example.com,"Beaches, Historical",Female,1.0,1.0,,,,,,,,
,692.0,,,,Dhruv,dhruv@example.com,"Nature, Adventure",Male,2.0,1.0,,,,,,,,
,695.0,,,,Tanvi,tanvi@example.com,"Nature, Adventure",Female,2.0,2.0,,,,,,,,
,697.0,,,,Aditya,aditya@example.com,"Beaches, Historical",Male,1.0,0.0,,,,,,,,
,698.0,,,,Hitesh,hitesh@example.com,"Nature, Adventure",Male,1.0,2.0,,,,,,,,
,702.0,,,,Aarav,aarav@example.com,"City, Historical",Male,1.0,1.0,,,,,,,,
,705.0,,,,Aanya,aanya@example.com,"City, Historical",Female,1.0,2.0,,,,,,,,
,710.0,,,,Diya,diya@example.com,"Nature, Adventure",Female,2.0,0.0,,,,,,,,
,714.0,,,,Ishaan,ishaan@example.com,"City, Historical",Male,1.0,0.0,,,,,,,,
,716.0,,,,Pooja,pooja@example.com,"Nature, Adventure",Female,2.0,1.0,,,,,,,,
,719.0,,,,Riya,riya@example.com,"Nature, Adventure",Female,2.0,2.0,,,,,,,,
,720.0,,,,Riya,riya@example.com,"City, Historical",Female,1.0,1.0,,,,,,,,
,726.0,,,,Aditya,aditya@example.com,"City, Historical",Male,2.0,2.0,,,,,,,,
,728.0,,,,Kavya,kavya@example.com,"Nature, Adventure",Female,2.0,1.0,,,,,,,,
,730.0,,,,Tanvi,tanvi@example.com,"Beaches, Historical",Female,1.0,1.0,,,,,,,,
,731.0,,,,Isha,isha@example.com,"Nature, Adventure",Female,2.0,2.0,,,,,,,,
,732.0,,,,Dhruv,dhruv@example.com,"City, Historical",Male,2.0,0.0,,,,,,,,
,738.0,,,,Anika,anika@example.com,"City, Historical",Female,1.0,1.0,,,,,,,,
,741.0,,,,Saanvi,saanvi@example.com,"City, Historical",Female,1.0,1.0,,,,,,,,
,744.0,,,,Aanya,aanya@example.com,"City, Historical",Female,1.0,0.0,,,,,,,,
,749.0,,,,Isha,isha@example.com,"Nature, Adventure",Female,1.0,0.0,,,,,,,,
,751.0,,,,Anika,anika@example.com,"Beaches, Historical",Female,1.0,2.0,,,,,,,,
,753.0,,,,Riya,riya@example.com,"City, Historical",Female,2.0,1.0,,,,,,,,
,760.0,,,,Meera,meera@example.com,"Beaches, Historical",Female,1.0,0.0,,,,,,,,
,761.0,,,,Hitesh,hitesh@example.com,"Nature, Adventure",Male,2.0,1.0,,,,,,,,
,763.0,,,,Riya,riya@example.com,"Beaches, Historical",Female,1.0,1.0,,,,,,,,
,766.0,,,,Pooja,pooja@example.com,"Beaches, Historical",Female,1.0,0.0,,,,,,,,
,770.0,,,,Diya,diya@example.com,"Nature, Adventure",Female,2.0,1.0,,,,,,,,
,771.0,,,,Aditya,aditya@example.com,"City, Historical",Male,1.0,1.0,,,,,,,,
,772.0,,,,Ritvik,ritvik@example.com,"Beaches, Historical",Male,1.0,0.0,,,,,,,,
,775.0,,,,Hitesh,hitesh@example.com,"Beaches, Historical",Male,2.0,0.0,,,,,,,,
,776.0,,,,Aarav,aarav@example.com,"Nature, Adventure",Male,2.0,1.0,,,,,,,,
,780.0,,,,Meera,meera@example.com,"City, Historical",Female,2.0,0.0,,,,,,,,
,787.0,,,,Ishaan,ishaan@example.com,"Beaches, Historical",Male,1.0,0.0,,,,,,,,
,788.0,,,,Saanvi,saanvi@example.com,"Nature, Adventure",Female,1.0,2.0,,,,,,,,
,789.0,,,,Ritvik,ritvik@example.com,"City, Historical",Male,2.0,1.0,,,,,,,,
,791.0,,,,Ishaan,ishaan@example.com,"Nature, Adventure",Male,1.0,0.0,,,,,,,,
,795.0,,,,Karan,karan@example.com,"City, Historical",Male,1.0,0.0,,,,,,,,
,796.0,,,,Aanya,aanya@example.com,"Beaches, Historical",Female,1.0,0.0,,,,,,,,
,802.0,,,,Karan,karan@example.com,"Beaches, Historical",Male,1.0,0.0,,,,,,,,
,804.0,,,,Tanvi,tanvi@example.com,"City, Historical",Female,1.0,0.0,,,,,,,,
,807.0,,,,Kavya,kavya@example.com,"City, Historical",Female,2.0,1.0,,,,,,,,
,808.0,,,,Riya,riya@example.com,"Beaches, Historical",Female,1.0,0.0,,,,,,,,
,810.0,,,,Pooja,pooja@example.com,"City, Historical",Female,2.0,1.0,,,,,,,,
,816.0,,,,Hitesh,hitesh@example.com,"City, Historical",Male,1.0,2.0,,,,,,,,
,817.0,,,,Diya,diya@example.com,"Beaches, Historical",Female,1.0,0.0,,,,,,,,
,818.0,,,,Riya,riya@example.com,"Nature, Adventure",Female,2.0,0.0,,,,,,,,
,820.0,,,,Aarav,aarav@example.com,"Beaches, Historical",Male,1.0,1.0,,,,,,,,
,822.0,,,,Saanvi,saanvi@example.com,"City, Historical",Female,1.0,0.0,,,,,,,,
,825.0,,,,Riya,riya@example.com,"City, Historical",Female,2.0,1.0,,,,,,,,
,836.0,,,,Pooja,pooja@example.com,"Nature, Adventure",Female,2.0,0.0,,,,,,,,
,839.0,,,,Kavya,kavya@example.com,"Nature, Adventure",Female,1.0,1.0,,,,,,,,
,841.0,,,,Saanvi,saanvi@example.com,"Beaches, Historical",Female,1.0,1.0,,,,,,,,
,842.0,,,,Ishaan,ishaan@example.com,"Nature, Adventure",Male,2.0,0.0,,,,,,,,
,845.0,,,,Anika,anika@example.com,"Nature, Adventure",Female,2.0,1.0,,,,,,,,
,848.0,,,,Riya,riya@example.com,"Nature, Adventure",Female,2.0,0.0,,,,,,,,
,853.0,,,,Vivaan,vivaan@example.com,"Beaches, Historical",Male,2.0,0.0,,,,,,,,
,854.0,,,,Meera,meera@example.com,"Nature, Adventure",Female,2.0,2.0,,,,,,,,
,856.0,,,,Aanya,aanya@example.com,"Beaches, Historical",Female,1.0,2.0,,,,,,,,
,857.0,,,,Hitesh,hitesh@example.com,"Nature, Adventure",Male,1.0,2.0,,,,,,,,
,860.0,,,,Vivaan,vivaan@example.com,"Nature, Adventure",Male,1.0,0.0,,,,,,,,
,861.0,,,,Dhruv,dhruv@example.com,"City, Historical",Male,1.0,2.0,,,,,,,,
,867.0,,,,Vivaan,vivaan@example.com,"City, Historical",Male,2.0,2.0,,,,,,,,
,877.0,,,,Aanya,aanya@example.com,"Beaches, Historical",Female,2.0,2.0,,,,,,,,
,879.0,,,,Anika,anika@example.com,"City, Historical",Female,1.0,2.0,,,,,,,,
,880.0,,,,Ritvik,ritvik@example.com,"Beaches, Historical",Male,2.0,2.0,,,,,,,,
,881.0,,,,Rohan,rohan@example.com,"Nature, Adventure",Male,1.0,2.0,,,,,,,,
,884.0,,,,Ritvik,ritvik@example.com,"Nature, Adventure",Male,2.0,0.0,,,,,,,,
,885.0,,,,Hitesh,hitesh@example.com,"City, Historical",Male,2.0,2.0,,,,,,,,
,886.0,,,,Ritvik,ritvik@example.com,"Beaches, Historical",Male,1.0,1.0,,,,,,,,
,889.0,,,,Karan,karan@example.com,"Beaches, Historical",Male,2.0,0.0,,,,,,,,
,892.0,,,,Anika,anika@example.com,"Beaches, Historical",Female,1.0,1.0,,,,,,,,
,894.0,,,,Isha,isha@example.com,"City, Historical",Female,2.0,0.0,,,,,,,,
,895.0,,,,Saanvi,saanvi@example.com,"Beaches, Historical",Female,1.0,0.0,,,,,,,,
,900.0,,,,Aanya,aanya@example.com,"City, Historical",Female,2.0,0.0,,,,,,,,
,901.0,,,,Aanya,aanya@example.com,"Beaches, Historical",Female,2.0,2.0,,,,,,,,
,908.0,,,,Anika,anika@example.com,"Nature, Adventure",Female,2.0,1.0,,,,,,,,
,909.0,,,,Karan,karan@example.com,"City, Historical",Male,2.0,2.0,,,,,,,,
,910.0,,,,Arjun,arjun@example.com,"Beaches, Historical",Male,2.0,2.0,,,,,,,,
,911.0,,,,Riya,riya@example.com,"Nature, Adventure",Female,1.0,0.0,,,,,,,,
,914.0,,,,Dhruv,dhruv@example.com,"Nature, Adventure",Male,1.0,2.0,,,,,,,,
,918.0,,,,Aditya,aditya@example.com,"City, Historical",Male,2.0,2.0,,,,,,,,
,920.0,,,,Riya,riya@example.com,"Nature, Adventure",Female,2.0,0.0,,,,,,,,
,921.0,,,,Dhruv,dhruv@example.com,"City, Historical",Male,1.0,2.0,,,,,,,,
,922.0,,,,Karan,karan@example.com,"Beaches, Historical",Male,1.0,2.0,,,,,,,,
,926.0,,,,Aanya,aanya@example.com,"Nature, Adventure",Female,1.0,1.0,,,,,,,,
,927.0,,,,Ishaan,ishaan@example.com,"City, Historical",Male,1.0,1.0,,,,,,,,
,933.0,,,,Vivaan,vivaan@example.com,"City, Historical",Male,2.0,1.0,,,,,,,,
,935.0,,,,Anika,anika@example.com,"Nature, Adventure",Female,1.0,0.0,,,,,,,,
,938.0,,,,Anika,anika@example.com,"Nature, Adventure",Female,1.0,1.0,,,,,,,,
,946.0,,,,Aarav,aarav@example.com,"Beaches, Historical",Male,1.0,1.0,,,,,,,,
,947.0,,,,Pooja,pooja@example.com,"Nature, Adventure",Female,2.0,1.0,,,,,,,,
,952.0,,,,Saanvi,saanvi@example.com,"Beaches, Historical",Female,1.0,0.0,,,,,,,,
,955.0,,,,Aanya,aanya@example.com,"Beaches, Historical",Female,2.0,2.0,,,,,,,,
,958.0,,,,Aarav,aarav@example.com,"Beaches, Historical",Male,1.0,2.0,,,,,,,,
,960.0,,,,Ritvik,ritvik@example.com,"City, Historical",Male,1.0,2.0,,,,,,,,
,963.0,,,,Ritvik,ritvik@example.com,"City, Historical",Male,1.0,1.0,,,,,,,,
,965.0,,,,Hitesh,hitesh@example.com,"Nature, Adventure",Male,1.0,0.0,,,,,,,,
,967.0,,,,Pooja,pooja@example.com,"Beaches, Historical",Female,2.0,1.0,,,,,,,,
,969.0,,,,Aditya,aditya@example.com,"City, Historical",Male,1.0,1.0,,,,,,,,
,974.0,,,,Vivaan,vivaan@example.com,"Nature, Adventure",Male,2.0,1.0,,,,,,,,
,980.0,,,,Kavya,kavya@example.com,"Nature, Adventure",Female,1.0,1.0,,,,,,,,
,981.0,,,,Dhruv,dhruv@example.com,"City, Historical",Male,1.0,1.0,,,,,,,,
,983.0,,,,Karan,karan@example.com,"Nature, Adventure",Male,2.0,1.0,,,,,,,,
,984.0,,,,Dhruv,dhruv@example.com,"City, Historical",Male,2.0,1.0,,,,,,,,
,986.0,,,,Aanya,aanya@example.com,"Nature, Adventure",Female,1.0,2.0,,,,,,,,
,988.0,,,,Dhruv,dhruv@example.com,"Beaches, Historical",Male,1.0,0.0,,,,,,,,
,993.0,,,,Ritvik,ritvik@example.com,"City, Historical",Male,1.0,2.0,,,,,,,,
,994.0,,,,Ishaan,ishaan@example.com,"Beaches, Historical",Male,1.0,2.0,,,,,,,,
,995.0,,,,Karan,karan@example.com,"Nature, Adventure",Male,1.0,0.0,,,,,,,,
,997.0,,,,Karan,karan@example.com,"Beaches, Historical",Male,1.0,2.0,,,,,,,,
,998.0,,,,Aditya,aditya@example.com,"Nature, Adventure",Male,1.0,1.0,,,,,,,,
